/data4/kenkim/RIRs_L553_smallset_val_te_ref/te2/s=4.34106182984_4.55940361243_1.3_RT0.2,/home/kenkim/librispeech_kaldi/LibriSpeech/train/wav/2882-147159-0106.wav
/data4/kenkim/RIRs_L553_smallset_val_te_ref/te2/s=4.34106182984_4.55940361243_1.3_RT0.2,/home/kenkim/librispeech_kaldi/LibriSpeech/train/wav/5245-3984-0008.wav
/data4/kenkim/RIRs_L553_smallset_val_te_ref/te2/s=4.34106182984_4.55940361243_1.3_RT0.2,/home/kenkim/librispeech_kaldi/LibriSpeech/train/wav/7556-93308-0013.wav
/data4/kenkim/RIRs_L553_smallset_val_te_ref/te2/s=4.34106182984_4.55940361243_1.3_RT0.2,/home/kenkim/librispeech_kaldi/LibriSpeech/train/wav/5361-27492-0050.wav
/data4/kenkim/RIRs_L553_smallset_val_te_ref/te2/s=4.34106182984_4.55940361243_1.3_RT0.2,/home/kenkim/librispeech_kaldi/LibriSpeech/train/wav/19-227-0055.wav
/data4/kenkim/RIRs_L553_smallset_val_te_ref/te2/s=4.56856999828_4.38472654072_1.3_RT0.2,/home/kenkim/librispeech_kaldi/LibriSpeech/train/wav/2882-147159-0106.wav
/data4/kenkim/RIRs_L553_smallset_val_te_ref/te2/s=4.56856999828_4.38472654072_1.3_RT0.2,/home/kenkim/librispeech_kaldi/LibriSpeech/train/wav/5245-3984-0008.wav
/data4/kenkim/RIRs_L553_smallset_val_te_ref/te2/s=4.56856999828_4.38472654072_1.3_RT0.2,/home/kenkim/librispeech_kaldi/LibriSpeech/train/wav/7556-93308-0013.wav
/data4/kenkim/RIRs_L553_smallset_val_te_ref/te2/s=4.56856999828_4.38472654072_1.3_RT0.2,/home/kenkim/librispeech_kaldi/LibriSpeech/train/wav/5361-27492-0050.wav
/data4/kenkim/RIRs_L553_smallset_val_te_ref/te2/s=4.56856999828_4.38472654072_1.3_RT0.2,/home/kenkim/librispeech_kaldi/LibriSpeech/train/wav/19-227-0055.wav
/data4/kenkim/RIRs_L553_smallset_val_te_ref/te2/s=4.3454991019_4.56152321581_1.3_RT0.2,/home/kenkim/librispeech_kaldi/LibriSpeech/train/wav/2882-147159-0106.wav
/data4/kenkim/RIRs_L553_smallset_val_te_ref/te2/s=4.3454991019_4.56152321581_1.3_RT0.2,/home/kenkim/librispeech_kaldi/LibriSpeech/train/wav/5245-3984-0008.wav
/data4/kenkim/RIRs_L553_smallset_val_te_ref/te2/s=4.3454991019_4.56152321581_1.3_RT0.2,/home/kenkim/librispeech_kaldi/LibriSpeech/train/wav/7556-93308-0013.wav
/data4/kenkim/RIRs_L553_smallset_val_te_ref/te2/s=4.3454991019_4.56152321581_1.3_RT0.2,/home/kenkim/librispeech_kaldi/LibriSpeech/train/wav/5361-27492-0050.wav
/data4/kenkim/RIRs_L553_smallset_val_te_ref/te2/s=4.3454991019_4.56152321581_1.3_RT0.2,/home/kenkim/librispeech_kaldi/LibriSpeech/train/wav/19-227-0055.wav
/data4/kenkim/RIRs_L553_smallset_val_te_ref/te2/s=4.33961510235_4.38696653018_1.3_RT0.2,/home/kenkim/librispeech_kaldi/LibriSpeech/train/wav/2882-147159-0106.wav
/data4/kenkim/RIRs_L553_smallset_val_te_ref/te2/s=4.33961510235_4.38696653018_1.3_RT0.2,/home/kenkim/librispeech_kaldi/LibriSpeech/train/wav/5245-3984-0008.wav
/data4/kenkim/RIRs_L553_smallset_val_te_ref/te2/s=4.33961510235_4.38696653018_1.3_RT0.2,/home/kenkim/librispeech_kaldi/LibriSpeech/train/wav/7556-93308-0013.wav
/data4/kenkim/RIRs_L553_smallset_val_te_ref/te2/s=4.33961510235_4.38696653018_1.3_RT0.2,/home/kenkim/librispeech_kaldi/LibriSpeech/train/wav/5361-27492-0050.wav
/data4/kenkim/RIRs_L553_smallset_val_te_ref/te2/s=4.33961510235_4.38696653018_1.3_RT0.2,/home/kenkim/librispeech_kaldi/LibriSpeech/train/wav/19-227-0055.wav
/data4/kenkim/RIRs_L553_smallset_val_te_ref/te2/s=4.53738371118_4.54563598225_1.3_RT0.2,/home/kenkim/librispeech_kaldi/LibriSpeech/train/wav/2882-147159-0106.wav
/data4/kenkim/RIRs_L553_smallset_val_te_ref/te2/s=4.53738371118_4.54563598225_1.3_RT0.2,/home/kenkim/librispeech_kaldi/LibriSpeech/train/wav/5245-3984-0008.wav
/data4/kenkim/RIRs_L553_smallset_val_te_ref/te2/s=4.53738371118_4.54563598225_1.3_RT0.2,/home/kenkim/librispeech_kaldi/LibriSpeech/train/wav/7556-93308-0013.wav
/data4/kenkim/RIRs_L553_smallset_val_te_ref/te2/s=4.53738371118_4.54563598225_1.3_RT0.2,/home/kenkim/librispeech_kaldi/LibriSpeech/train/wav/5361-27492-0050.wav
/data4/kenkim/RIRs_L553_smallset_val_te_ref/te2/s=4.53738371118_4.54563598225_1.3_RT0.2,/home/kenkim/librispeech_kaldi/LibriSpeech/train/wav/19-227-0055.wav
/data4/kenkim/RIRs_L553_smallset_val_te_ref/te2/s=4.31755468767_4.36390217456_1.3_RT0.2,/home/kenkim/librispeech_kaldi/LibriSpeech/train/wav/2882-147159-0106.wav
/data4/kenkim/RIRs_L553_smallset_val_te_ref/te2/s=4.31755468767_4.36390217456_1.3_RT0.2,/home/kenkim/librispeech_kaldi/LibriSpeech/train/wav/5245-3984-0008.wav
/data4/kenkim/RIRs_L553_smallset_val_te_ref/te2/s=4.31755468767_4.36390217456_1.3_RT0.2,/home/kenkim/librispeech_kaldi/LibriSpeech/train/wav/7556-93308-0013.wav
/data4/kenkim/RIRs_L553_smallset_val_te_ref/te2/s=4.31755468767_4.36390217456_1.3_RT0.2,/home/kenkim/librispeech_kaldi/LibriSpeech/train/wav/5361-27492-0050.wav
/data4/kenkim/RIRs_L553_smallset_val_te_ref/te2/s=4.31755468767_4.36390217456_1.3_RT0.2,/home/kenkim/librispeech_kaldi/LibriSpeech/train/wav/19-227-0055.wav
/data4/kenkim/RIRs_L553_smallset_val_te_ref/te2/s=4.57336191068_4.35860561941_1.3_RT0.2,/home/kenkim/librispeech_kaldi/LibriSpeech/train/wav/2882-147159-0106.wav
/data4/kenkim/RIRs_L553_smallset_val_te_ref/te2/s=4.57336191068_4.35860561941_1.3_RT0.2,/home/kenkim/librispeech_kaldi/LibriSpeech/train/wav/5245-3984-0008.wav
/data4/kenkim/RIRs_L553_smallset_val_te_ref/te2/s=4.57336191068_4.35860561941_1.3_RT0.2,/home/kenkim/librispeech_kaldi/LibriSpeech/train/wav/7556-93308-0013.wav
/data4/kenkim/RIRs_L553_smallset_val_te_ref/te2/s=4.57336191068_4.35860561941_1.3_RT0.2,/home/kenkim/librispeech_kaldi/LibriSpeech/train/wav/5361-27492-0050.wav
/data4/kenkim/RIRs_L553_smallset_val_te_ref/te2/s=4.57336191068_4.35860561941_1.3_RT0.2,/home/kenkim/librispeech_kaldi/LibriSpeech/train/wav/19-227-0055.wav
/data4/kenkim/RIRs_L553_smallset_val_te_ref/te2/s=4.51410004974_4.32993428619_1.3_RT0.2,/home/kenkim/librispeech_kaldi/LibriSpeech/train/wav/2882-147159-0106.wav
/data4/kenkim/RIRs_L553_smallset_val_te_ref/te2/s=4.51410004974_4.32993428619_1.3_RT0.2,/home/kenkim/librispeech_kaldi/LibriSpeech/train/wav/5245-3984-0008.wav
/data4/kenkim/RIRs_L553_smallset_val_te_ref/te2/s=4.51410004974_4.32993428619_1.3_RT0.2,/home/kenkim/librispeech_kaldi/LibriSpeech/train/wav/7556-93308-0013.wav
/data4/kenkim/RIRs_L553_smallset_val_te_ref/te2/s=4.51410004974_4.32993428619_1.3_RT0.2,/home/kenkim/librispeech_kaldi/LibriSpeech/train/wav/5361-27492-0050.wav
/data4/kenkim/RIRs_L553_smallset_val_te_ref/te2/s=4.51410004974_4.32993428619_1.3_RT0.2,/home/kenkim/librispeech_kaldi/LibriSpeech/train/wav/19-227-0055.wav
/data4/kenkim/RIRs_L553_smallset_val_te_ref/te2/s=4.55766705088_4.59510287804_1.3_RT0.2,/home/kenkim/librispeech_kaldi/LibriSpeech/train/wav/2882-147159-0106.wav
/data4/kenkim/RIRs_L553_smallset_val_te_ref/te2/s=4.55766705088_4.59510287804_1.3_RT0.2,/home/kenkim/librispeech_kaldi/LibriSpeech/train/wav/5245-3984-0008.wav
/data4/kenkim/RIRs_L553_smallset_val_te_ref/te2/s=4.55766705088_4.59510287804_1.3_RT0.2,/home/kenkim/librispeech_kaldi/LibriSpeech/train/wav/7556-93308-0013.wav
/data4/kenkim/RIRs_L553_smallset_val_te_ref/te2/s=4.55766705088_4.59510287804_1.3_RT0.2,/home/kenkim/librispeech_kaldi/LibriSpeech/train/wav/5361-27492-0050.wav
/data4/kenkim/RIRs_L553_smallset_val_te_ref/te2/s=4.55766705088_4.59510287804_1.3_RT0.2,/home/kenkim/librispeech_kaldi/LibriSpeech/train/wav/19-227-0055.wav
/data4/kenkim/RIRs_L553_smallset_val_te_ref/te2/s=4.3579837568_4.33556009601_1.3_RT0.2,/home/kenkim/librispeech_kaldi/LibriSpeech/train/wav/2882-147159-0106.wav
/data4/kenkim/RIRs_L553_smallset_val_te_ref/te2/s=4.3579837568_4.33556009601_1.3_RT0.2,/home/kenkim/librispeech_kaldi/LibriSpeech/train/wav/5245-3984-0008.wav
/data4/kenkim/RIRs_L553_smallset_val_te_ref/te2/s=4.3579837568_4.33556009601_1.3_RT0.2,/home/kenkim/librispeech_kaldi/LibriSpeech/train/wav/7556-93308-0013.wav
/data4/kenkim/RIRs_L553_smallset_val_te_ref/te2/s=4.3579837568_4.33556009601_1.3_RT0.2,/home/kenkim/librispeech_kaldi/LibriSpeech/train/wav/5361-27492-0050.wav
/data4/kenkim/RIRs_L553_smallset_val_te_ref/te2/s=4.3579837568_4.33556009601_1.3_RT0.2,/home/kenkim/librispeech_kaldi/LibriSpeech/train/wav/19-227-0055.wav
/data4/kenkim/RIRs_L553_smallset_val_te_ref/te2/s=4.58469301703_4.34136719656_1.3_RT0.2,/home/kenkim/librispeech_kaldi/LibriSpeech/train/wav/2882-147159-0106.wav
/data4/kenkim/RIRs_L553_smallset_val_te_ref/te2/s=4.58469301703_4.34136719656_1.3_RT0.2,/home/kenkim/librispeech_kaldi/LibriSpeech/train/wav/5245-3984-0008.wav
/data4/kenkim/RIRs_L553_smallset_val_te_ref/te2/s=4.58469301703_4.34136719656_1.3_RT0.2,/home/kenkim/librispeech_kaldi/LibriSpeech/train/wav/7556-93308-0013.wav
/data4/kenkim/RIRs_L553_smallset_val_te_ref/te2/s=4.58469301703_4.34136719656_1.3_RT0.2,/home/kenkim/librispeech_kaldi/LibriSpeech/train/wav/5361-27492-0050.wav
/data4/kenkim/RIRs_L553_smallset_val_te_ref/te2/s=4.58469301703_4.34136719656_1.3_RT0.2,/home/kenkim/librispeech_kaldi/LibriSpeech/train/wav/19-227-0055.wav
/data4/kenkim/RIRs_L553_smallset_val_te_ref/te2/s=4.39278706292_4.35441750225_1.3_RT0.2,/home/kenkim/librispeech_kaldi/LibriSpeech/train/wav/2882-147159-0106.wav
/data4/kenkim/RIRs_L553_smallset_val_te_ref/te2/s=4.39278706292_4.35441750225_1.3_RT0.2,/home/kenkim/librispeech_kaldi/LibriSpeech/train/wav/5245-3984-0008.wav
/data4/kenkim/RIRs_L553_smallset_val_te_ref/te2/s=4.39278706292_4.35441750225_1.3_RT0.2,/home/kenkim/librispeech_kaldi/LibriSpeech/train/wav/7556-93308-0013.wav
/data4/kenkim/RIRs_L553_smallset_val_te_ref/te2/s=4.39278706292_4.35441750225_1.3_RT0.2,/home/kenkim/librispeech_kaldi/LibriSpeech/train/wav/5361-27492-0050.wav
/data4/kenkim/RIRs_L553_smallset_val_te_ref/te2/s=4.39278706292_4.35441750225_1.3_RT0.2,/home/kenkim/librispeech_kaldi/LibriSpeech/train/wav/19-227-0055.wav
/data4/kenkim/RIRs_L553_smallset_val_te_ref/te2/s=4.52059461928_4.50450020177_1.3_RT0.2,/home/kenkim/librispeech_kaldi/LibriSpeech/train/wav/2882-147159-0106.wav
/data4/kenkim/RIRs_L553_smallset_val_te_ref/te2/s=4.52059461928_4.50450020177_1.3_RT0.2,/home/kenkim/librispeech_kaldi/LibriSpeech/train/wav/5245-3984-0008.wav
/data4/kenkim/RIRs_L553_smallset_val_te_ref/te2/s=4.52059461928_4.50450020177_1.3_RT0.2,/home/kenkim/librispeech_kaldi/LibriSpeech/train/wav/7556-93308-0013.wav
/data4/kenkim/RIRs_L553_smallset_val_te_ref/te2/s=4.52059461928_4.50450020177_1.3_RT0.2,/home/kenkim/librispeech_kaldi/LibriSpeech/train/wav/5361-27492-0050.wav
/data4/kenkim/RIRs_L553_smallset_val_te_ref/te2/s=4.52059461928_4.50450020177_1.3_RT0.2,/home/kenkim/librispeech_kaldi/LibriSpeech/train/wav/19-227-0055.wav
/data4/kenkim/RIRs_L553_smallset_val_te_ref/te2/s=4.36864633606_4.53623872165_1.3_RT0.2,/home/kenkim/librispeech_kaldi/LibriSpeech/train/wav/2882-147159-0106.wav
/data4/kenkim/RIRs_L553_smallset_val_te_ref/te2/s=4.36864633606_4.53623872165_1.3_RT0.2,/home/kenkim/librispeech_kaldi/LibriSpeech/train/wav/5245-3984-0008.wav
/data4/kenkim/RIRs_L553_smallset_val_te_ref/te2/s=4.36864633606_4.53623872165_1.3_RT0.2,/home/kenkim/librispeech_kaldi/LibriSpeech/train/wav/7556-93308-0013.wav
/data4/kenkim/RIRs_L553_smallset_val_te_ref/te2/s=4.36864633606_4.53623872165_1.3_RT0.2,/home/kenkim/librispeech_kaldi/LibriSpeech/train/wav/5361-27492-0050.wav
/data4/kenkim/RIRs_L553_smallset_val_te_ref/te2/s=4.36864633606_4.53623872165_1.3_RT0.2,/home/kenkim/librispeech_kaldi/LibriSpeech/train/wav/19-227-0055.wav
/data4/kenkim/RIRs_L553_smallset_val_te_ref/te2/s=4.5908487821_4.32319576326_1.3_RT0.2,/home/kenkim/librispeech_kaldi/LibriSpeech/train/wav/2882-147159-0106.wav
/data4/kenkim/RIRs_L553_smallset_val_te_ref/te2/s=4.5908487821_4.32319576326_1.3_RT0.2,/home/kenkim/librispeech_kaldi/LibriSpeech/train/wav/5245-3984-0008.wav
/data4/kenkim/RIRs_L553_smallset_val_te_ref/te2/s=4.5908487821_4.32319576326_1.3_RT0.2,/home/kenkim/librispeech_kaldi/LibriSpeech/train/wav/7556-93308-0013.wav
/data4/kenkim/RIRs_L553_smallset_val_te_ref/te2/s=4.5908487821_4.32319576326_1.3_RT0.2,/home/kenkim/librispeech_kaldi/LibriSpeech/train/wav/5361-27492-0050.wav
/data4/kenkim/RIRs_L553_smallset_val_te_ref/te2/s=4.5908487821_4.32319576326_1.3_RT0.2,/home/kenkim/librispeech_kaldi/LibriSpeech/train/wav/19-227-0055.wav
/data4/kenkim/RIRs_L553_smallset_val_te_ref/te2/s=4.30395908152_4.36792953768_1.3_RT0.2,/home/kenkim/librispeech_kaldi/LibriSpeech/train/wav/2882-147159-0106.wav
/data4/kenkim/RIRs_L553_smallset_val_te_ref/te2/s=4.30395908152_4.36792953768_1.3_RT0.2,/home/kenkim/librispeech_kaldi/LibriSpeech/train/wav/5245-3984-0008.wav
/data4/kenkim/RIRs_L553_smallset_val_te_ref/te2/s=4.30395908152_4.36792953768_1.3_RT0.2,/home/kenkim/librispeech_kaldi/LibriSpeech/train/wav/7556-93308-0013.wav
/data4/kenkim/RIRs_L553_smallset_val_te_ref/te2/s=4.30395908152_4.36792953768_1.3_RT0.2,/home/kenkim/librispeech_kaldi/LibriSpeech/train/wav/5361-27492-0050.wav
/data4/kenkim/RIRs_L553_smallset_val_te_ref/te2/s=4.30395908152_4.36792953768_1.3_RT0.2,/home/kenkim/librispeech_kaldi/LibriSpeech/train/wav/19-227-0055.wav
/data4/kenkim/RIRs_L553_smallset_val_te_ref/te2/s=4.31411491043_4.35523308171_1.3_RT0.2,/home/kenkim/librispeech_kaldi/LibriSpeech/train/wav/2882-147159-0106.wav
/data4/kenkim/RIRs_L553_smallset_val_te_ref/te2/s=4.31411491043_4.35523308171_1.3_RT0.2,/home/kenkim/librispeech_kaldi/LibriSpeech/train/wav/5245-3984-0008.wav
/data4/kenkim/RIRs_L553_smallset_val_te_ref/te2/s=4.31411491043_4.35523308171_1.3_RT0.2,/home/kenkim/librispeech_kaldi/LibriSpeech/train/wav/7556-93308-0013.wav
/data4/kenkim/RIRs_L553_smallset_val_te_ref/te2/s=4.31411491043_4.35523308171_1.3_RT0.2,/home/kenkim/librispeech_kaldi/LibriSpeech/train/wav/5361-27492-0050.wav
/data4/kenkim/RIRs_L553_smallset_val_te_ref/te2/s=4.31411491043_4.35523308171_1.3_RT0.2,/home/kenkim/librispeech_kaldi/LibriSpeech/train/wav/19-227-0055.wav
/data4/kenkim/RIRs_L553_smallset_val_te_ref/te2/s=4.5214125174_4.34011059935_1.3_RT0.2,/home/kenkim/librispeech_kaldi/LibriSpeech/train/wav/2882-147159-0106.wav
/data4/kenkim/RIRs_L553_smallset_val_te_ref/te2/s=4.5214125174_4.34011059935_1.3_RT0.2,/home/kenkim/librispeech_kaldi/LibriSpeech/train/wav/5245-3984-0008.wav
/data4/kenkim/RIRs_L553_smallset_val_te_ref/te2/s=4.5214125174_4.34011059935_1.3_RT0.2,/home/kenkim/librispeech_kaldi/LibriSpeech/train/wav/7556-93308-0013.wav
/data4/kenkim/RIRs_L553_smallset_val_te_ref/te2/s=4.5214125174_4.34011059935_1.3_RT0.2,/home/kenkim/librispeech_kaldi/LibriSpeech/train/wav/5361-27492-0050.wav
/data4/kenkim/RIRs_L553_smallset_val_te_ref/te2/s=4.5214125174_4.34011059935_1.3_RT0.2,/home/kenkim/librispeech_kaldi/LibriSpeech/train/wav/19-227-0055.wav
/data4/kenkim/RIRs_L553_smallset_val_te_ref/te2/s=4.55557609549_4.36545012635_1.3_RT0.2,/home/kenkim/librispeech_kaldi/LibriSpeech/train/wav/2882-147159-0106.wav
/data4/kenkim/RIRs_L553_smallset_val_te_ref/te2/s=4.55557609549_4.36545012635_1.3_RT0.2,/home/kenkim/librispeech_kaldi/LibriSpeech/train/wav/5245-3984-0008.wav
/data4/kenkim/RIRs_L553_smallset_val_te_ref/te2/s=4.55557609549_4.36545012635_1.3_RT0.2,/home/kenkim/librispeech_kaldi/LibriSpeech/train/wav/7556-93308-0013.wav
/data4/kenkim/RIRs_L553_smallset_val_te_ref/te2/s=4.55557609549_4.36545012635_1.3_RT0.2,/home/kenkim/librispeech_kaldi/LibriSpeech/train/wav/5361-27492-0050.wav
/data4/kenkim/RIRs_L553_smallset_val_te_ref/te2/s=4.55557609549_4.36545012635_1.3_RT0.2,/home/kenkim/librispeech_kaldi/LibriSpeech/train/wav/19-227-0055.wav
/data4/kenkim/RIRs_L553_smallset_val_te_ref/te2/s=4.31868715888_4.31225604799_1.3_RT0.2,/home/kenkim/librispeech_kaldi/LibriSpeech/train/wav/2882-147159-0106.wav
/data4/kenkim/RIRs_L553_smallset_val_te_ref/te2/s=4.31868715888_4.31225604799_1.3_RT0.2,/home/kenkim/librispeech_kaldi/LibriSpeech/train/wav/5245-3984-0008.wav
/data4/kenkim/RIRs_L553_smallset_val_te_ref/te2/s=4.31868715888_4.31225604799_1.3_RT0.2,/home/kenkim/librispeech_kaldi/LibriSpeech/train/wav/7556-93308-0013.wav
/data4/kenkim/RIRs_L553_smallset_val_te_ref/te2/s=4.31868715888_4.31225604799_1.3_RT0.2,/home/kenkim/librispeech_kaldi/LibriSpeech/train/wav/5361-27492-0050.wav
/data4/kenkim/RIRs_L553_smallset_val_te_ref/te2/s=4.31868715888_4.31225604799_1.3_RT0.2,/home/kenkim/librispeech_kaldi/LibriSpeech/train/wav/19-227-0055.wav
/data4/kenkim/RIRs_L553_smallset_val_te_ref/te2/s=4.57440546153_4.5932005999_1.3_RT0.2,/home/kenkim/librispeech_kaldi/LibriSpeech/train/wav/2882-147159-0106.wav
/data4/kenkim/RIRs_L553_smallset_val_te_ref/te2/s=4.57440546153_4.5932005999_1.3_RT0.2,/home/kenkim/librispeech_kaldi/LibriSpeech/train/wav/5245-3984-0008.wav
/data4/kenkim/RIRs_L553_smallset_val_te_ref/te2/s=4.57440546153_4.5932005999_1.3_RT0.2,/home/kenkim/librispeech_kaldi/LibriSpeech/train/wav/7556-93308-0013.wav
/data4/kenkim/RIRs_L553_smallset_val_te_ref/te2/s=4.57440546153_4.5932005999_1.3_RT0.2,/home/kenkim/librispeech_kaldi/LibriSpeech/train/wav/5361-27492-0050.wav
/data4/kenkim/RIRs_L553_smallset_val_te_ref/te2/s=4.57440546153_4.5932005999_1.3_RT0.2,/home/kenkim/librispeech_kaldi/LibriSpeech/train/wav/19-227-0055.wav
/data4/kenkim/RIRs_L553_smallset_val_te_ref/te2/s=4.32133465841_4.56364628176_1.3_RT0.2,/home/kenkim/librispeech_kaldi/LibriSpeech/train/wav/2882-147159-0106.wav
/data4/kenkim/RIRs_L553_smallset_val_te_ref/te2/s=4.32133465841_4.56364628176_1.3_RT0.2,/home/kenkim/librispeech_kaldi/LibriSpeech/train/wav/5245-3984-0008.wav
/data4/kenkim/RIRs_L553_smallset_val_te_ref/te2/s=4.32133465841_4.56364628176_1.3_RT0.2,/home/kenkim/librispeech_kaldi/LibriSpeech/train/wav/7556-93308-0013.wav
/data4/kenkim/RIRs_L553_smallset_val_te_ref/te2/s=4.32133465841_4.56364628176_1.3_RT0.2,/home/kenkim/librispeech_kaldi/LibriSpeech/train/wav/5361-27492-0050.wav
/data4/kenkim/RIRs_L553_smallset_val_te_ref/te2/s=4.32133465841_4.56364628176_1.3_RT0.2,/home/kenkim/librispeech_kaldi/LibriSpeech/train/wav/19-227-0055.wav
/data4/kenkim/RIRs_L553_smallset_val_te_ref/te2/s=4.33760517619_4.53752514598_1.3_RT0.2,/home/kenkim/librispeech_kaldi/LibriSpeech/train/wav/2882-147159-0106.wav
/data4/kenkim/RIRs_L553_smallset_val_te_ref/te2/s=4.33760517619_4.53752514598_1.3_RT0.2,/home/kenkim/librispeech_kaldi/LibriSpeech/train/wav/5245-3984-0008.wav
/data4/kenkim/RIRs_L553_smallset_val_te_ref/te2/s=4.33760517619_4.53752514598_1.3_RT0.2,/home/kenkim/librispeech_kaldi/LibriSpeech/train/wav/7556-93308-0013.wav
/data4/kenkim/RIRs_L553_smallset_val_te_ref/te2/s=4.33760517619_4.53752514598_1.3_RT0.2,/home/kenkim/librispeech_kaldi/LibriSpeech/train/wav/5361-27492-0050.wav
/data4/kenkim/RIRs_L553_smallset_val_te_ref/te2/s=4.33760517619_4.53752514598_1.3_RT0.2,/home/kenkim/librispeech_kaldi/LibriSpeech/train/wav/19-227-0055.wav
/data4/kenkim/RIRs_L553_smallset_val_te_ref/te2/s=4.34097535865_4.33663052799_1.3_RT0.2,/home/kenkim/librispeech_kaldi/LibriSpeech/train/wav/2882-147159-0106.wav
/data4/kenkim/RIRs_L553_smallset_val_te_ref/te2/s=4.34097535865_4.33663052799_1.3_RT0.2,/home/kenkim/librispeech_kaldi/LibriSpeech/train/wav/5245-3984-0008.wav
/data4/kenkim/RIRs_L553_smallset_val_te_ref/te2/s=4.34097535865_4.33663052799_1.3_RT0.2,/home/kenkim/librispeech_kaldi/LibriSpeech/train/wav/7556-93308-0013.wav
/data4/kenkim/RIRs_L553_smallset_val_te_ref/te2/s=4.34097535865_4.33663052799_1.3_RT0.2,/home/kenkim/librispeech_kaldi/LibriSpeech/train/wav/5361-27492-0050.wav
/data4/kenkim/RIRs_L553_smallset_val_te_ref/te2/s=4.34097535865_4.33663052799_1.3_RT0.2,/home/kenkim/librispeech_kaldi/LibriSpeech/train/wav/19-227-0055.wav
/data4/kenkim/RIRs_L553_smallset_val_te_ref/te2/s=4.52788206661_4.33614207179_1.3_RT0.2,/home/kenkim/librispeech_kaldi/LibriSpeech/train/wav/2882-147159-0106.wav
/data4/kenkim/RIRs_L553_smallset_val_te_ref/te2/s=4.52788206661_4.33614207179_1.3_RT0.2,/home/kenkim/librispeech_kaldi/LibriSpeech/train/wav/5245-3984-0008.wav
/data4/kenkim/RIRs_L553_smallset_val_te_ref/te2/s=4.52788206661_4.33614207179_1.3_RT0.2,/home/kenkim/librispeech_kaldi/LibriSpeech/train/wav/7556-93308-0013.wav
/data4/kenkim/RIRs_L553_smallset_val_te_ref/te2/s=4.52788206661_4.33614207179_1.3_RT0.2,/home/kenkim/librispeech_kaldi/LibriSpeech/train/wav/5361-27492-0050.wav
/data4/kenkim/RIRs_L553_smallset_val_te_ref/te2/s=4.52788206661_4.33614207179_1.3_RT0.2,/home/kenkim/librispeech_kaldi/LibriSpeech/train/wav/19-227-0055.wav
/data4/kenkim/RIRs_L553_smallset_val_te_ref/te2/s=4.58570220131_4.52733592546_1.3_RT0.2,/home/kenkim/librispeech_kaldi/LibriSpeech/train/wav/2882-147159-0106.wav
/data4/kenkim/RIRs_L553_smallset_val_te_ref/te2/s=4.58570220131_4.52733592546_1.3_RT0.2,/home/kenkim/librispeech_kaldi/LibriSpeech/train/wav/5245-3984-0008.wav
/data4/kenkim/RIRs_L553_smallset_val_te_ref/te2/s=4.58570220131_4.52733592546_1.3_RT0.2,/home/kenkim/librispeech_kaldi/LibriSpeech/train/wav/7556-93308-0013.wav
/data4/kenkim/RIRs_L553_smallset_val_te_ref/te2/s=4.58570220131_4.52733592546_1.3_RT0.2,/home/kenkim/librispeech_kaldi/LibriSpeech/train/wav/5361-27492-0050.wav
/data4/kenkim/RIRs_L553_smallset_val_te_ref/te2/s=4.58570220131_4.52733592546_1.3_RT0.2,/home/kenkim/librispeech_kaldi/LibriSpeech/train/wav/19-227-0055.wav
/data4/kenkim/RIRs_L553_smallset_val_te_ref/te2/s=4.53603949678_4.50565674889_1.3_RT0.2,/home/kenkim/librispeech_kaldi/LibriSpeech/train/wav/2882-147159-0106.wav
/data4/kenkim/RIRs_L553_smallset_val_te_ref/te2/s=4.53603949678_4.50565674889_1.3_RT0.2,/home/kenkim/librispeech_kaldi/LibriSpeech/train/wav/5245-3984-0008.wav
/data4/kenkim/RIRs_L553_smallset_val_te_ref/te2/s=4.53603949678_4.50565674889_1.3_RT0.2,/home/kenkim/librispeech_kaldi/LibriSpeech/train/wav/7556-93308-0013.wav
/data4/kenkim/RIRs_L553_smallset_val_te_ref/te2/s=4.53603949678_4.50565674889_1.3_RT0.2,/home/kenkim/librispeech_kaldi/LibriSpeech/train/wav/5361-27492-0050.wav
/data4/kenkim/RIRs_L553_smallset_val_te_ref/te2/s=4.53603949678_4.50565674889_1.3_RT0.2,/home/kenkim/librispeech_kaldi/LibriSpeech/train/wav/19-227-0055.wav
/data4/kenkim/RIRs_L553_smallset_val_te_ref/te2/s=4.51844322243_4.5379728057_1.3_RT0.2,/home/kenkim/librispeech_kaldi/LibriSpeech/train/wav/2882-147159-0106.wav
/data4/kenkim/RIRs_L553_smallset_val_te_ref/te2/s=4.51844322243_4.5379728057_1.3_RT0.2,/home/kenkim/librispeech_kaldi/LibriSpeech/train/wav/5245-3984-0008.wav
/data4/kenkim/RIRs_L553_smallset_val_te_ref/te2/s=4.51844322243_4.5379728057_1.3_RT0.2,/home/kenkim/librispeech_kaldi/LibriSpeech/train/wav/7556-93308-0013.wav
/data4/kenkim/RIRs_L553_smallset_val_te_ref/te2/s=4.51844322243_4.5379728057_1.3_RT0.2,/home/kenkim/librispeech_kaldi/LibriSpeech/train/wav/5361-27492-0050.wav
/data4/kenkim/RIRs_L553_smallset_val_te_ref/te2/s=4.51844322243_4.5379728057_1.3_RT0.2,/home/kenkim/librispeech_kaldi/LibriSpeech/train/wav/19-227-0055.wav
/data4/kenkim/RIRs_L553_smallset_val_te_ref/te2/s=4.34417194907_4.51255002325_1.3_RT0.2,/home/kenkim/librispeech_kaldi/LibriSpeech/train/wav/2882-147159-0106.wav
/data4/kenkim/RIRs_L553_smallset_val_te_ref/te2/s=4.34417194907_4.51255002325_1.3_RT0.2,/home/kenkim/librispeech_kaldi/LibriSpeech/train/wav/5245-3984-0008.wav
/data4/kenkim/RIRs_L553_smallset_val_te_ref/te2/s=4.34417194907_4.51255002325_1.3_RT0.2,/home/kenkim/librispeech_kaldi/LibriSpeech/train/wav/7556-93308-0013.wav
/data4/kenkim/RIRs_L553_smallset_val_te_ref/te2/s=4.34417194907_4.51255002325_1.3_RT0.2,/home/kenkim/librispeech_kaldi/LibriSpeech/train/wav/5361-27492-0050.wav
/data4/kenkim/RIRs_L553_smallset_val_te_ref/te2/s=4.34417194907_4.51255002325_1.3_RT0.2,/home/kenkim/librispeech_kaldi/LibriSpeech/train/wav/19-227-0055.wav
/data4/kenkim/RIRs_L553_smallset_val_te_ref/te2/s=4.59100786924_4.56910607893_1.3_RT0.2,/home/kenkim/librispeech_kaldi/LibriSpeech/train/wav/2882-147159-0106.wav
/data4/kenkim/RIRs_L553_smallset_val_te_ref/te2/s=4.59100786924_4.56910607893_1.3_RT0.2,/home/kenkim/librispeech_kaldi/LibriSpeech/train/wav/5245-3984-0008.wav
/data4/kenkim/RIRs_L553_smallset_val_te_ref/te2/s=4.59100786924_4.56910607893_1.3_RT0.2,/home/kenkim/librispeech_kaldi/LibriSpeech/train/wav/7556-93308-0013.wav
/data4/kenkim/RIRs_L553_smallset_val_te_ref/te2/s=4.59100786924_4.56910607893_1.3_RT0.2,/home/kenkim/librispeech_kaldi/LibriSpeech/train/wav/5361-27492-0050.wav
/data4/kenkim/RIRs_L553_smallset_val_te_ref/te2/s=4.59100786924_4.56910607893_1.3_RT0.2,/home/kenkim/librispeech_kaldi/LibriSpeech/train/wav/19-227-0055.wav
/data4/kenkim/RIRs_L553_smallset_val_te_ref/te2/s=4.52690854067_4.32437741471_1.3_RT0.2,/home/kenkim/librispeech_kaldi/LibriSpeech/train/wav/2882-147159-0106.wav
/data4/kenkim/RIRs_L553_smallset_val_te_ref/te2/s=4.52690854067_4.32437741471_1.3_RT0.2,/home/kenkim/librispeech_kaldi/LibriSpeech/train/wav/5245-3984-0008.wav
/data4/kenkim/RIRs_L553_smallset_val_te_ref/te2/s=4.52690854067_4.32437741471_1.3_RT0.2,/home/kenkim/librispeech_kaldi/LibriSpeech/train/wav/7556-93308-0013.wav
/data4/kenkim/RIRs_L553_smallset_val_te_ref/te2/s=4.52690854067_4.32437741471_1.3_RT0.2,/home/kenkim/librispeech_kaldi/LibriSpeech/train/wav/5361-27492-0050.wav
/data4/kenkim/RIRs_L553_smallset_val_te_ref/te2/s=4.52690854067_4.32437741471_1.3_RT0.2,/home/kenkim/librispeech_kaldi/LibriSpeech/train/wav/19-227-0055.wav
/data4/kenkim/RIRs_L553_smallset_val_te_ref/te2/s=4.50692798328_4.50769564178_1.3_RT0.2,/home/kenkim/librispeech_kaldi/LibriSpeech/train/wav/2882-147159-0106.wav
/data4/kenkim/RIRs_L553_smallset_val_te_ref/te2/s=4.50692798328_4.50769564178_1.3_RT0.2,/home/kenkim/librispeech_kaldi/LibriSpeech/train/wav/5245-3984-0008.wav
/data4/kenkim/RIRs_L553_smallset_val_te_ref/te2/s=4.50692798328_4.50769564178_1.3_RT0.2,/home/kenkim/librispeech_kaldi/LibriSpeech/train/wav/7556-93308-0013.wav
/data4/kenkim/RIRs_L553_smallset_val_te_ref/te2/s=4.50692798328_4.50769564178_1.3_RT0.2,/home/kenkim/librispeech_kaldi/LibriSpeech/train/wav/5361-27492-0050.wav
/data4/kenkim/RIRs_L553_smallset_val_te_ref/te2/s=4.50692798328_4.50769564178_1.3_RT0.2,/home/kenkim/librispeech_kaldi/LibriSpeech/train/wav/19-227-0055.wav
/data4/kenkim/RIRs_L553_smallset_val_te_ref/te2/s=4.34171784751_4.58206073328_1.3_RT0.2,/home/kenkim/librispeech_kaldi/LibriSpeech/train/wav/2882-147159-0106.wav
/data4/kenkim/RIRs_L553_smallset_val_te_ref/te2/s=4.34171784751_4.58206073328_1.3_RT0.2,/home/kenkim/librispeech_kaldi/LibriSpeech/train/wav/5245-3984-0008.wav
/data4/kenkim/RIRs_L553_smallset_val_te_ref/te2/s=4.34171784751_4.58206073328_1.3_RT0.2,/home/kenkim/librispeech_kaldi/LibriSpeech/train/wav/7556-93308-0013.wav
/data4/kenkim/RIRs_L553_smallset_val_te_ref/te2/s=4.34171784751_4.58206073328_1.3_RT0.2,/home/kenkim/librispeech_kaldi/LibriSpeech/train/wav/5361-27492-0050.wav
/data4/kenkim/RIRs_L553_smallset_val_te_ref/te2/s=4.34171784751_4.58206073328_1.3_RT0.2,/home/kenkim/librispeech_kaldi/LibriSpeech/train/wav/19-227-0055.wav
/data4/kenkim/RIRs_L553_smallset_val_te_ref/te2/s=4.59199034191_4.54489190407_1.3_RT0.2,/home/kenkim/librispeech_kaldi/LibriSpeech/train/wav/2882-147159-0106.wav
/data4/kenkim/RIRs_L553_smallset_val_te_ref/te2/s=4.59199034191_4.54489190407_1.3_RT0.2,/home/kenkim/librispeech_kaldi/LibriSpeech/train/wav/5245-3984-0008.wav
/data4/kenkim/RIRs_L553_smallset_val_te_ref/te2/s=4.59199034191_4.54489190407_1.3_RT0.2,/home/kenkim/librispeech_kaldi/LibriSpeech/train/wav/7556-93308-0013.wav
/data4/kenkim/RIRs_L553_smallset_val_te_ref/te2/s=4.59199034191_4.54489190407_1.3_RT0.2,/home/kenkim/librispeech_kaldi/LibriSpeech/train/wav/5361-27492-0050.wav
/data4/kenkim/RIRs_L553_smallset_val_te_ref/te2/s=4.59199034191_4.54489190407_1.3_RT0.2,/home/kenkim/librispeech_kaldi/LibriSpeech/train/wav/19-227-0055.wav
/data4/kenkim/RIRs_L553_smallset_val_te_ref/te2/s=4.50188773674_4.31615892774_1.3_RT0.2,/home/kenkim/librispeech_kaldi/LibriSpeech/train/wav/2882-147159-0106.wav
/data4/kenkim/RIRs_L553_smallset_val_te_ref/te2/s=4.50188773674_4.31615892774_1.3_RT0.2,/home/kenkim/librispeech_kaldi/LibriSpeech/train/wav/5245-3984-0008.wav
/data4/kenkim/RIRs_L553_smallset_val_te_ref/te2/s=4.50188773674_4.31615892774_1.3_RT0.2,/home/kenkim/librispeech_kaldi/LibriSpeech/train/wav/7556-93308-0013.wav
/data4/kenkim/RIRs_L553_smallset_val_te_ref/te2/s=4.50188773674_4.31615892774_1.3_RT0.2,/home/kenkim/librispeech_kaldi/LibriSpeech/train/wav/5361-27492-0050.wav
/data4/kenkim/RIRs_L553_smallset_val_te_ref/te2/s=4.50188773674_4.31615892774_1.3_RT0.2,/home/kenkim/librispeech_kaldi/LibriSpeech/train/wav/19-227-0055.wav
/data4/kenkim/RIRs_L553_smallset_val_te_ref/te2/s=4.32211659837_4.5390344313_1.3_RT0.2,/home/kenkim/librispeech_kaldi/LibriSpeech/train/wav/2882-147159-0106.wav
/data4/kenkim/RIRs_L553_smallset_val_te_ref/te2/s=4.32211659837_4.5390344313_1.3_RT0.2,/home/kenkim/librispeech_kaldi/LibriSpeech/train/wav/5245-3984-0008.wav
/data4/kenkim/RIRs_L553_smallset_val_te_ref/te2/s=4.32211659837_4.5390344313_1.3_RT0.2,/home/kenkim/librispeech_kaldi/LibriSpeech/train/wav/7556-93308-0013.wav
/data4/kenkim/RIRs_L553_smallset_val_te_ref/te2/s=4.32211659837_4.5390344313_1.3_RT0.2,/home/kenkim/librispeech_kaldi/LibriSpeech/train/wav/5361-27492-0050.wav
/data4/kenkim/RIRs_L553_smallset_val_te_ref/te2/s=4.32211659837_4.5390344313_1.3_RT0.2,/home/kenkim/librispeech_kaldi/LibriSpeech/train/wav/19-227-0055.wav
/data4/kenkim/RIRs_L553_smallset_val_te_ref/te2/s=4.58281751691_4.30500495326_1.3_RT0.2,/home/kenkim/librispeech_kaldi/LibriSpeech/train/wav/2882-147159-0106.wav
/data4/kenkim/RIRs_L553_smallset_val_te_ref/te2/s=4.58281751691_4.30500495326_1.3_RT0.2,/home/kenkim/librispeech_kaldi/LibriSpeech/train/wav/5245-3984-0008.wav
/data4/kenkim/RIRs_L553_smallset_val_te_ref/te2/s=4.58281751691_4.30500495326_1.3_RT0.2,/home/kenkim/librispeech_kaldi/LibriSpeech/train/wav/7556-93308-0013.wav
/data4/kenkim/RIRs_L553_smallset_val_te_ref/te2/s=4.58281751691_4.30500495326_1.3_RT0.2,/home/kenkim/librispeech_kaldi/LibriSpeech/train/wav/5361-27492-0050.wav
/data4/kenkim/RIRs_L553_smallset_val_te_ref/te2/s=4.58281751691_4.30500495326_1.3_RT0.2,/home/kenkim/librispeech_kaldi/LibriSpeech/train/wav/19-227-0055.wav
/data4/kenkim/RIRs_L553_smallset_val_te_ref/te2/s=4.58093760484_4.34387793696_1.3_RT0.2,/home/kenkim/librispeech_kaldi/LibriSpeech/train/wav/2882-147159-0106.wav
/data4/kenkim/RIRs_L553_smallset_val_te_ref/te2/s=4.58093760484_4.34387793696_1.3_RT0.2,/home/kenkim/librispeech_kaldi/LibriSpeech/train/wav/5245-3984-0008.wav
/data4/kenkim/RIRs_L553_smallset_val_te_ref/te2/s=4.58093760484_4.34387793696_1.3_RT0.2,/home/kenkim/librispeech_kaldi/LibriSpeech/train/wav/7556-93308-0013.wav
/data4/kenkim/RIRs_L553_smallset_val_te_ref/te2/s=4.58093760484_4.34387793696_1.3_RT0.2,/home/kenkim/librispeech_kaldi/LibriSpeech/train/wav/5361-27492-0050.wav
/data4/kenkim/RIRs_L553_smallset_val_te_ref/te2/s=4.58093760484_4.34387793696_1.3_RT0.2,/home/kenkim/librispeech_kaldi/LibriSpeech/train/wav/19-227-0055.wav
/data4/kenkim/RIRs_L553_smallset_val_te_ref/te2/s=4.3114543046_4.37064885101_1.3_RT0.2,/home/kenkim/librispeech_kaldi/LibriSpeech/train/wav/2882-147159-0106.wav
/data4/kenkim/RIRs_L553_smallset_val_te_ref/te2/s=4.3114543046_4.37064885101_1.3_RT0.2,/home/kenkim/librispeech_kaldi/LibriSpeech/train/wav/5245-3984-0008.wav
/data4/kenkim/RIRs_L553_smallset_val_te_ref/te2/s=4.3114543046_4.37064885101_1.3_RT0.2,/home/kenkim/librispeech_kaldi/LibriSpeech/train/wav/7556-93308-0013.wav
/data4/kenkim/RIRs_L553_smallset_val_te_ref/te2/s=4.3114543046_4.37064885101_1.3_RT0.2,/home/kenkim/librispeech_kaldi/LibriSpeech/train/wav/5361-27492-0050.wav
/data4/kenkim/RIRs_L553_smallset_val_te_ref/te2/s=4.3114543046_4.37064885101_1.3_RT0.2,/home/kenkim/librispeech_kaldi/LibriSpeech/train/wav/19-227-0055.wav
/data4/kenkim/RIRs_L553_smallset_val_te_ref/te2/s=4.58570239625_4.31034985704_1.3_RT0.2,/home/kenkim/librispeech_kaldi/LibriSpeech/train/wav/2882-147159-0106.wav
/data4/kenkim/RIRs_L553_smallset_val_te_ref/te2/s=4.58570239625_4.31034985704_1.3_RT0.2,/home/kenkim/librispeech_kaldi/LibriSpeech/train/wav/5245-3984-0008.wav
/data4/kenkim/RIRs_L553_smallset_val_te_ref/te2/s=4.58570239625_4.31034985704_1.3_RT0.2,/home/kenkim/librispeech_kaldi/LibriSpeech/train/wav/7556-93308-0013.wav
/data4/kenkim/RIRs_L553_smallset_val_te_ref/te2/s=4.58570239625_4.31034985704_1.3_RT0.2,/home/kenkim/librispeech_kaldi/LibriSpeech/train/wav/5361-27492-0050.wav
/data4/kenkim/RIRs_L553_smallset_val_te_ref/te2/s=4.58570239625_4.31034985704_1.3_RT0.2,/home/kenkim/librispeech_kaldi/LibriSpeech/train/wav/19-227-0055.wav
/data4/kenkim/RIRs_L553_smallset_val_te_ref/te2/s=4.39702761248_4.53108273674_1.3_RT0.2,/home/kenkim/librispeech_kaldi/LibriSpeech/train/wav/2882-147159-0106.wav
/data4/kenkim/RIRs_L553_smallset_val_te_ref/te2/s=4.39702761248_4.53108273674_1.3_RT0.2,/home/kenkim/librispeech_kaldi/LibriSpeech/train/wav/5245-3984-0008.wav
/data4/kenkim/RIRs_L553_smallset_val_te_ref/te2/s=4.39702761248_4.53108273674_1.3_RT0.2,/home/kenkim/librispeech_kaldi/LibriSpeech/train/wav/7556-93308-0013.wav
/data4/kenkim/RIRs_L553_smallset_val_te_ref/te2/s=4.39702761248_4.53108273674_1.3_RT0.2,/home/kenkim/librispeech_kaldi/LibriSpeech/train/wav/5361-27492-0050.wav
/data4/kenkim/RIRs_L553_smallset_val_te_ref/te2/s=4.39702761248_4.53108273674_1.3_RT0.2,/home/kenkim/librispeech_kaldi/LibriSpeech/train/wav/19-227-0055.wav
/data4/kenkim/RIRs_L553_smallset_val_te_ref/te2/s=4.31726700824_4.37085685096_1.3_RT0.2,/home/kenkim/librispeech_kaldi/LibriSpeech/train/wav/2882-147159-0106.wav
/data4/kenkim/RIRs_L553_smallset_val_te_ref/te2/s=4.31726700824_4.37085685096_1.3_RT0.2,/home/kenkim/librispeech_kaldi/LibriSpeech/train/wav/5245-3984-0008.wav
/data4/kenkim/RIRs_L553_smallset_val_te_ref/te2/s=4.31726700824_4.37085685096_1.3_RT0.2,/home/kenkim/librispeech_kaldi/LibriSpeech/train/wav/7556-93308-0013.wav
/data4/kenkim/RIRs_L553_smallset_val_te_ref/te2/s=4.31726700824_4.37085685096_1.3_RT0.2,/home/kenkim/librispeech_kaldi/LibriSpeech/train/wav/5361-27492-0050.wav
/data4/kenkim/RIRs_L553_smallset_val_te_ref/te2/s=4.31726700824_4.37085685096_1.3_RT0.2,/home/kenkim/librispeech_kaldi/LibriSpeech/train/wav/19-227-0055.wav
/data4/kenkim/RIRs_L553_smallset_val_te_ref/te2/s=4.33388863454_4.55393448198_1.3_RT0.2,/home/kenkim/librispeech_kaldi/LibriSpeech/train/wav/2882-147159-0106.wav
/data4/kenkim/RIRs_L553_smallset_val_te_ref/te2/s=4.33388863454_4.55393448198_1.3_RT0.2,/home/kenkim/librispeech_kaldi/LibriSpeech/train/wav/5245-3984-0008.wav
/data4/kenkim/RIRs_L553_smallset_val_te_ref/te2/s=4.33388863454_4.55393448198_1.3_RT0.2,/home/kenkim/librispeech_kaldi/LibriSpeech/train/wav/7556-93308-0013.wav
/data4/kenkim/RIRs_L553_smallset_val_te_ref/te2/s=4.33388863454_4.55393448198_1.3_RT0.2,/home/kenkim/librispeech_kaldi/LibriSpeech/train/wav/5361-27492-0050.wav
/data4/kenkim/RIRs_L553_smallset_val_te_ref/te2/s=4.33388863454_4.55393448198_1.3_RT0.2,/home/kenkim/librispeech_kaldi/LibriSpeech/train/wav/19-227-0055.wav
/data4/kenkim/RIRs_L553_smallset_val_te_ref/te2/s=4.3848029162_4.31542724307_1.3_RT0.2,/home/kenkim/librispeech_kaldi/LibriSpeech/train/wav/2882-147159-0106.wav
/data4/kenkim/RIRs_L553_smallset_val_te_ref/te2/s=4.3848029162_4.31542724307_1.3_RT0.2,/home/kenkim/librispeech_kaldi/LibriSpeech/train/wav/5245-3984-0008.wav
/data4/kenkim/RIRs_L553_smallset_val_te_ref/te2/s=4.3848029162_4.31542724307_1.3_RT0.2,/home/kenkim/librispeech_kaldi/LibriSpeech/train/wav/7556-93308-0013.wav
/data4/kenkim/RIRs_L553_smallset_val_te_ref/te2/s=4.3848029162_4.31542724307_1.3_RT0.2,/home/kenkim/librispeech_kaldi/LibriSpeech/train/wav/5361-27492-0050.wav
/data4/kenkim/RIRs_L553_smallset_val_te_ref/te2/s=4.3848029162_4.31542724307_1.3_RT0.2,/home/kenkim/librispeech_kaldi/LibriSpeech/train/wav/19-227-0055.wav
/data4/kenkim/RIRs_L553_smallset_val_te_ref/te2/s=4.55496371243_4.52605936973_1.3_RT0.2,/home/kenkim/librispeech_kaldi/LibriSpeech/train/wav/2882-147159-0106.wav
/data4/kenkim/RIRs_L553_smallset_val_te_ref/te2/s=4.55496371243_4.52605936973_1.3_RT0.2,/home/kenkim/librispeech_kaldi/LibriSpeech/train/wav/5245-3984-0008.wav
/data4/kenkim/RIRs_L553_smallset_val_te_ref/te2/s=4.55496371243_4.52605936973_1.3_RT0.2,/home/kenkim/librispeech_kaldi/LibriSpeech/train/wav/7556-93308-0013.wav
/data4/kenkim/RIRs_L553_smallset_val_te_ref/te2/s=4.55496371243_4.52605936973_1.3_RT0.2,/home/kenkim/librispeech_kaldi/LibriSpeech/train/wav/5361-27492-0050.wav
/data4/kenkim/RIRs_L553_smallset_val_te_ref/te2/s=4.55496371243_4.52605936973_1.3_RT0.2,/home/kenkim/librispeech_kaldi/LibriSpeech/train/wav/19-227-0055.wav
/data4/kenkim/RIRs_L553_smallset_val_te_ref/te2/s=4.56740418088_4.31544367793_1.3_RT0.2,/home/kenkim/librispeech_kaldi/LibriSpeech/train/wav/2882-147159-0106.wav
/data4/kenkim/RIRs_L553_smallset_val_te_ref/te2/s=4.56740418088_4.31544367793_1.3_RT0.2,/home/kenkim/librispeech_kaldi/LibriSpeech/train/wav/5245-3984-0008.wav
/data4/kenkim/RIRs_L553_smallset_val_te_ref/te2/s=4.56740418088_4.31544367793_1.3_RT0.2,/home/kenkim/librispeech_kaldi/LibriSpeech/train/wav/7556-93308-0013.wav
/data4/kenkim/RIRs_L553_smallset_val_te_ref/te2/s=4.56740418088_4.31544367793_1.3_RT0.2,/home/kenkim/librispeech_kaldi/LibriSpeech/train/wav/5361-27492-0050.wav
/data4/kenkim/RIRs_L553_smallset_val_te_ref/te2/s=4.56740418088_4.31544367793_1.3_RT0.2,/home/kenkim/librispeech_kaldi/LibriSpeech/train/wav/19-227-0055.wav
/data4/kenkim/RIRs_L553_smallset_val_te_ref/te2/s=4.53260220612_4.37694374424_1.3_RT0.2,/home/kenkim/librispeech_kaldi/LibriSpeech/train/wav/2882-147159-0106.wav
/data4/kenkim/RIRs_L553_smallset_val_te_ref/te2/s=4.53260220612_4.37694374424_1.3_RT0.2,/home/kenkim/librispeech_kaldi/LibriSpeech/train/wav/5245-3984-0008.wav
/data4/kenkim/RIRs_L553_smallset_val_te_ref/te2/s=4.53260220612_4.37694374424_1.3_RT0.2,/home/kenkim/librispeech_kaldi/LibriSpeech/train/wav/7556-93308-0013.wav
/data4/kenkim/RIRs_L553_smallset_val_te_ref/te2/s=4.53260220612_4.37694374424_1.3_RT0.2,/home/kenkim/librispeech_kaldi/LibriSpeech/train/wav/5361-27492-0050.wav
/data4/kenkim/RIRs_L553_smallset_val_te_ref/te2/s=4.53260220612_4.37694374424_1.3_RT0.2,/home/kenkim/librispeech_kaldi/LibriSpeech/train/wav/19-227-0055.wav
/data4/kenkim/RIRs_L553_smallset_val_te_ref/te2/s=4.30367058343_4.59251372639_1.3_RT0.2,/home/kenkim/librispeech_kaldi/LibriSpeech/train/wav/2882-147159-0106.wav
/data4/kenkim/RIRs_L553_smallset_val_te_ref/te2/s=4.30367058343_4.59251372639_1.3_RT0.2,/home/kenkim/librispeech_kaldi/LibriSpeech/train/wav/5245-3984-0008.wav
/data4/kenkim/RIRs_L553_smallset_val_te_ref/te2/s=4.30367058343_4.59251372639_1.3_RT0.2,/home/kenkim/librispeech_kaldi/LibriSpeech/train/wav/7556-93308-0013.wav
/data4/kenkim/RIRs_L553_smallset_val_te_ref/te2/s=4.30367058343_4.59251372639_1.3_RT0.2,/home/kenkim/librispeech_kaldi/LibriSpeech/train/wav/5361-27492-0050.wav
/data4/kenkim/RIRs_L553_smallset_val_te_ref/te2/s=4.30367058343_4.59251372639_1.3_RT0.2,/home/kenkim/librispeech_kaldi/LibriSpeech/train/wav/19-227-0055.wav
/data4/kenkim/RIRs_L553_smallset_val_te_ref/te2/s=4.34630405791_4.38510767083_1.3_RT0.2,/home/kenkim/librispeech_kaldi/LibriSpeech/train/wav/2882-147159-0106.wav
/data4/kenkim/RIRs_L553_smallset_val_te_ref/te2/s=4.34630405791_4.38510767083_1.3_RT0.2,/home/kenkim/librispeech_kaldi/LibriSpeech/train/wav/5245-3984-0008.wav
/data4/kenkim/RIRs_L553_smallset_val_te_ref/te2/s=4.34630405791_4.38510767083_1.3_RT0.2,/home/kenkim/librispeech_kaldi/LibriSpeech/train/wav/7556-93308-0013.wav
/data4/kenkim/RIRs_L553_smallset_val_te_ref/te2/s=4.34630405791_4.38510767083_1.3_RT0.2,/home/kenkim/librispeech_kaldi/LibriSpeech/train/wav/5361-27492-0050.wav
/data4/kenkim/RIRs_L553_smallset_val_te_ref/te2/s=4.34630405791_4.38510767083_1.3_RT0.2,/home/kenkim/librispeech_kaldi/LibriSpeech/train/wav/19-227-0055.wav
/data4/kenkim/RIRs_L553_smallset_val_te_ref/te2/s=4.30050650279_4.36448909441_1.3_RT0.2,/home/kenkim/librispeech_kaldi/LibriSpeech/train/wav/2882-147159-0106.wav
/data4/kenkim/RIRs_L553_smallset_val_te_ref/te2/s=4.30050650279_4.36448909441_1.3_RT0.2,/home/kenkim/librispeech_kaldi/LibriSpeech/train/wav/5245-3984-0008.wav
/data4/kenkim/RIRs_L553_smallset_val_te_ref/te2/s=4.30050650279_4.36448909441_1.3_RT0.2,/home/kenkim/librispeech_kaldi/LibriSpeech/train/wav/7556-93308-0013.wav
/data4/kenkim/RIRs_L553_smallset_val_te_ref/te2/s=4.30050650279_4.36448909441_1.3_RT0.2,/home/kenkim/librispeech_kaldi/LibriSpeech/train/wav/5361-27492-0050.wav
/data4/kenkim/RIRs_L553_smallset_val_te_ref/te2/s=4.30050650279_4.36448909441_1.3_RT0.2,/home/kenkim/librispeech_kaldi/LibriSpeech/train/wav/19-227-0055.wav
/data4/kenkim/RIRs_L553_smallset_val_te_ref/te2/s=4.36617287104_4.39759990234_1.3_RT0.2,/home/kenkim/librispeech_kaldi/LibriSpeech/train/wav/2882-147159-0106.wav
/data4/kenkim/RIRs_L553_smallset_val_te_ref/te2/s=4.36617287104_4.39759990234_1.3_RT0.2,/home/kenkim/librispeech_kaldi/LibriSpeech/train/wav/5245-3984-0008.wav
/data4/kenkim/RIRs_L553_smallset_val_te_ref/te2/s=4.36617287104_4.39759990234_1.3_RT0.2,/home/kenkim/librispeech_kaldi/LibriSpeech/train/wav/7556-93308-0013.wav
/data4/kenkim/RIRs_L553_smallset_val_te_ref/te2/s=4.36617287104_4.39759990234_1.3_RT0.2,/home/kenkim/librispeech_kaldi/LibriSpeech/train/wav/5361-27492-0050.wav
/data4/kenkim/RIRs_L553_smallset_val_te_ref/te2/s=4.36617287104_4.39759990234_1.3_RT0.2,/home/kenkim/librispeech_kaldi/LibriSpeech/train/wav/19-227-0055.wav
/data4/kenkim/RIRs_L553_smallset_val_te_ref/te2/s=4.50195509186_4.53119948327_1.3_RT0.2,/home/kenkim/librispeech_kaldi/LibriSpeech/train/wav/2882-147159-0106.wav
/data4/kenkim/RIRs_L553_smallset_val_te_ref/te2/s=4.50195509186_4.53119948327_1.3_RT0.2,/home/kenkim/librispeech_kaldi/LibriSpeech/train/wav/5245-3984-0008.wav
/data4/kenkim/RIRs_L553_smallset_val_te_ref/te2/s=4.50195509186_4.53119948327_1.3_RT0.2,/home/kenkim/librispeech_kaldi/LibriSpeech/train/wav/7556-93308-0013.wav
/data4/kenkim/RIRs_L553_smallset_val_te_ref/te2/s=4.50195509186_4.53119948327_1.3_RT0.2,/home/kenkim/librispeech_kaldi/LibriSpeech/train/wav/5361-27492-0050.wav
/data4/kenkim/RIRs_L553_smallset_val_te_ref/te2/s=4.50195509186_4.53119948327_1.3_RT0.2,/home/kenkim/librispeech_kaldi/LibriSpeech/train/wav/19-227-0055.wav
/data4/kenkim/RIRs_L553_smallset_val_te_ref/te2/s=4.56434863855_4.50625988165_1.3_RT0.2,/home/kenkim/librispeech_kaldi/LibriSpeech/train/wav/2882-147159-0106.wav
/data4/kenkim/RIRs_L553_smallset_val_te_ref/te2/s=4.56434863855_4.50625988165_1.3_RT0.2,/home/kenkim/librispeech_kaldi/LibriSpeech/train/wav/5245-3984-0008.wav
/data4/kenkim/RIRs_L553_smallset_val_te_ref/te2/s=4.56434863855_4.50625988165_1.3_RT0.2,/home/kenkim/librispeech_kaldi/LibriSpeech/train/wav/7556-93308-0013.wav
/data4/kenkim/RIRs_L553_smallset_val_te_ref/te2/s=4.56434863855_4.50625988165_1.3_RT0.2,/home/kenkim/librispeech_kaldi/LibriSpeech/train/wav/5361-27492-0050.wav
/data4/kenkim/RIRs_L553_smallset_val_te_ref/te2/s=4.56434863855_4.50625988165_1.3_RT0.2,/home/kenkim/librispeech_kaldi/LibriSpeech/train/wav/19-227-0055.wav
/data4/kenkim/RIRs_L553_smallset_val_te_ref/te2/s=4.59263819013_4.32307968723_1.3_RT0.2,/home/kenkim/librispeech_kaldi/LibriSpeech/train/wav/2882-147159-0106.wav
/data4/kenkim/RIRs_L553_smallset_val_te_ref/te2/s=4.59263819013_4.32307968723_1.3_RT0.2,/home/kenkim/librispeech_kaldi/LibriSpeech/train/wav/5245-3984-0008.wav
/data4/kenkim/RIRs_L553_smallset_val_te_ref/te2/s=4.59263819013_4.32307968723_1.3_RT0.2,/home/kenkim/librispeech_kaldi/LibriSpeech/train/wav/7556-93308-0013.wav
/data4/kenkim/RIRs_L553_smallset_val_te_ref/te2/s=4.59263819013_4.32307968723_1.3_RT0.2,/home/kenkim/librispeech_kaldi/LibriSpeech/train/wav/5361-27492-0050.wav
/data4/kenkim/RIRs_L553_smallset_val_te_ref/te2/s=4.59263819013_4.32307968723_1.3_RT0.2,/home/kenkim/librispeech_kaldi/LibriSpeech/train/wav/19-227-0055.wav
/data4/kenkim/RIRs_L553_smallset_val_te_ref/te2/s=4.39270283692_4.30326391391_1.3_RT0.2,/home/kenkim/librispeech_kaldi/LibriSpeech/train/wav/2882-147159-0106.wav
/data4/kenkim/RIRs_L553_smallset_val_te_ref/te2/s=4.39270283692_4.30326391391_1.3_RT0.2,/home/kenkim/librispeech_kaldi/LibriSpeech/train/wav/5245-3984-0008.wav
/data4/kenkim/RIRs_L553_smallset_val_te_ref/te2/s=4.39270283692_4.30326391391_1.3_RT0.2,/home/kenkim/librispeech_kaldi/LibriSpeech/train/wav/7556-93308-0013.wav
/data4/kenkim/RIRs_L553_smallset_val_te_ref/te2/s=4.39270283692_4.30326391391_1.3_RT0.2,/home/kenkim/librispeech_kaldi/LibriSpeech/train/wav/5361-27492-0050.wav
/data4/kenkim/RIRs_L553_smallset_val_te_ref/te2/s=4.39270283692_4.30326391391_1.3_RT0.2,/home/kenkim/librispeech_kaldi/LibriSpeech/train/wav/19-227-0055.wav
/data4/kenkim/RIRs_L553_smallset_val_te_ref/te2/s=4.32623386178_4.34794608359_1.3_RT0.2,/home/kenkim/librispeech_kaldi/LibriSpeech/train/wav/2882-147159-0106.wav
/data4/kenkim/RIRs_L553_smallset_val_te_ref/te2/s=4.32623386178_4.34794608359_1.3_RT0.2,/home/kenkim/librispeech_kaldi/LibriSpeech/train/wav/5245-3984-0008.wav
/data4/kenkim/RIRs_L553_smallset_val_te_ref/te2/s=4.32623386178_4.34794608359_1.3_RT0.2,/home/kenkim/librispeech_kaldi/LibriSpeech/train/wav/7556-93308-0013.wav
/data4/kenkim/RIRs_L553_smallset_val_te_ref/te2/s=4.32623386178_4.34794608359_1.3_RT0.2,/home/kenkim/librispeech_kaldi/LibriSpeech/train/wav/5361-27492-0050.wav
/data4/kenkim/RIRs_L553_smallset_val_te_ref/te2/s=4.32623386178_4.34794608359_1.3_RT0.2,/home/kenkim/librispeech_kaldi/LibriSpeech/train/wav/19-227-0055.wav
/data4/kenkim/RIRs_L553_smallset_val_te_ref/te2/s=4.33041387313_4.32877962465_1.3_RT0.2,/home/kenkim/librispeech_kaldi/LibriSpeech/train/wav/2882-147159-0106.wav
/data4/kenkim/RIRs_L553_smallset_val_te_ref/te2/s=4.33041387313_4.32877962465_1.3_RT0.2,/home/kenkim/librispeech_kaldi/LibriSpeech/train/wav/5245-3984-0008.wav
/data4/kenkim/RIRs_L553_smallset_val_te_ref/te2/s=4.33041387313_4.32877962465_1.3_RT0.2,/home/kenkim/librispeech_kaldi/LibriSpeech/train/wav/7556-93308-0013.wav
/data4/kenkim/RIRs_L553_smallset_val_te_ref/te2/s=4.33041387313_4.32877962465_1.3_RT0.2,/home/kenkim/librispeech_kaldi/LibriSpeech/train/wav/5361-27492-0050.wav
/data4/kenkim/RIRs_L553_smallset_val_te_ref/te2/s=4.33041387313_4.32877962465_1.3_RT0.2,/home/kenkim/librispeech_kaldi/LibriSpeech/train/wav/19-227-0055.wav
/data4/kenkim/RIRs_L553_smallset_val_te_ref/te2/s=4.35766135106_4.36620007426_1.3_RT0.2,/home/kenkim/librispeech_kaldi/LibriSpeech/train/wav/2882-147159-0106.wav
/data4/kenkim/RIRs_L553_smallset_val_te_ref/te2/s=4.35766135106_4.36620007426_1.3_RT0.2,/home/kenkim/librispeech_kaldi/LibriSpeech/train/wav/5245-3984-0008.wav
/data4/kenkim/RIRs_L553_smallset_val_te_ref/te2/s=4.35766135106_4.36620007426_1.3_RT0.2,/home/kenkim/librispeech_kaldi/LibriSpeech/train/wav/7556-93308-0013.wav
/data4/kenkim/RIRs_L553_smallset_val_te_ref/te2/s=4.35766135106_4.36620007426_1.3_RT0.2,/home/kenkim/librispeech_kaldi/LibriSpeech/train/wav/5361-27492-0050.wav
/data4/kenkim/RIRs_L553_smallset_val_te_ref/te2/s=4.35766135106_4.36620007426_1.3_RT0.2,/home/kenkim/librispeech_kaldi/LibriSpeech/train/wav/19-227-0055.wav
/data4/kenkim/RIRs_L553_smallset_val_te_ref/te2/s=4.30605369165_4.30341154563_1.3_RT0.2,/home/kenkim/librispeech_kaldi/LibriSpeech/train/wav/2882-147159-0106.wav
/data4/kenkim/RIRs_L553_smallset_val_te_ref/te2/s=4.30605369165_4.30341154563_1.3_RT0.2,/home/kenkim/librispeech_kaldi/LibriSpeech/train/wav/5245-3984-0008.wav
/data4/kenkim/RIRs_L553_smallset_val_te_ref/te2/s=4.30605369165_4.30341154563_1.3_RT0.2,/home/kenkim/librispeech_kaldi/LibriSpeech/train/wav/7556-93308-0013.wav
/data4/kenkim/RIRs_L553_smallset_val_te_ref/te2/s=4.30605369165_4.30341154563_1.3_RT0.2,/home/kenkim/librispeech_kaldi/LibriSpeech/train/wav/5361-27492-0050.wav
/data4/kenkim/RIRs_L553_smallset_val_te_ref/te2/s=4.30605369165_4.30341154563_1.3_RT0.2,/home/kenkim/librispeech_kaldi/LibriSpeech/train/wav/19-227-0055.wav
/data4/kenkim/RIRs_L553_smallset_val_te_ref/te2/s=4.3753955058_4.5505797313_1.3_RT0.2,/home/kenkim/librispeech_kaldi/LibriSpeech/train/wav/2882-147159-0106.wav
/data4/kenkim/RIRs_L553_smallset_val_te_ref/te2/s=4.3753955058_4.5505797313_1.3_RT0.2,/home/kenkim/librispeech_kaldi/LibriSpeech/train/wav/5245-3984-0008.wav
/data4/kenkim/RIRs_L553_smallset_val_te_ref/te2/s=4.3753955058_4.5505797313_1.3_RT0.2,/home/kenkim/librispeech_kaldi/LibriSpeech/train/wav/7556-93308-0013.wav
/data4/kenkim/RIRs_L553_smallset_val_te_ref/te2/s=4.3753955058_4.5505797313_1.3_RT0.2,/home/kenkim/librispeech_kaldi/LibriSpeech/train/wav/5361-27492-0050.wav
/data4/kenkim/RIRs_L553_smallset_val_te_ref/te2/s=4.3753955058_4.5505797313_1.3_RT0.2,/home/kenkim/librispeech_kaldi/LibriSpeech/train/wav/19-227-0055.wav
/data4/kenkim/RIRs_L553_smallset_val_te_ref/te2/s=4.31332689295_4.59237962661_1.3_RT0.2,/home/kenkim/librispeech_kaldi/LibriSpeech/train/wav/2882-147159-0106.wav
/data4/kenkim/RIRs_L553_smallset_val_te_ref/te2/s=4.31332689295_4.59237962661_1.3_RT0.2,/home/kenkim/librispeech_kaldi/LibriSpeech/train/wav/5245-3984-0008.wav
/data4/kenkim/RIRs_L553_smallset_val_te_ref/te2/s=4.31332689295_4.59237962661_1.3_RT0.2,/home/kenkim/librispeech_kaldi/LibriSpeech/train/wav/7556-93308-0013.wav
/data4/kenkim/RIRs_L553_smallset_val_te_ref/te2/s=4.31332689295_4.59237962661_1.3_RT0.2,/home/kenkim/librispeech_kaldi/LibriSpeech/train/wav/5361-27492-0050.wav
/data4/kenkim/RIRs_L553_smallset_val_te_ref/te2/s=4.31332689295_4.59237962661_1.3_RT0.2,/home/kenkim/librispeech_kaldi/LibriSpeech/train/wav/19-227-0055.wav
/data4/kenkim/RIRs_L553_smallset_val_te_ref/te2/s=4.35715905007_4.5584461429_1.3_RT0.2,/home/kenkim/librispeech_kaldi/LibriSpeech/train/wav/2882-147159-0106.wav
/data4/kenkim/RIRs_L553_smallset_val_te_ref/te2/s=4.35715905007_4.5584461429_1.3_RT0.2,/home/kenkim/librispeech_kaldi/LibriSpeech/train/wav/5245-3984-0008.wav
/data4/kenkim/RIRs_L553_smallset_val_te_ref/te2/s=4.35715905007_4.5584461429_1.3_RT0.2,/home/kenkim/librispeech_kaldi/LibriSpeech/train/wav/7556-93308-0013.wav
/data4/kenkim/RIRs_L553_smallset_val_te_ref/te2/s=4.35715905007_4.5584461429_1.3_RT0.2,/home/kenkim/librispeech_kaldi/LibriSpeech/train/wav/5361-27492-0050.wav
/data4/kenkim/RIRs_L553_smallset_val_te_ref/te2/s=4.35715905007_4.5584461429_1.3_RT0.2,/home/kenkim/librispeech_kaldi/LibriSpeech/train/wav/19-227-0055.wav
/data4/kenkim/RIRs_L553_smallset_val_te_ref/te2/s=4.53354887828_4.3003726757_1.3_RT0.2,/home/kenkim/librispeech_kaldi/LibriSpeech/train/wav/2882-147159-0106.wav
/data4/kenkim/RIRs_L553_smallset_val_te_ref/te2/s=4.53354887828_4.3003726757_1.3_RT0.2,/home/kenkim/librispeech_kaldi/LibriSpeech/train/wav/5245-3984-0008.wav
/data4/kenkim/RIRs_L553_smallset_val_te_ref/te2/s=4.53354887828_4.3003726757_1.3_RT0.2,/home/kenkim/librispeech_kaldi/LibriSpeech/train/wav/7556-93308-0013.wav
/data4/kenkim/RIRs_L553_smallset_val_te_ref/te2/s=4.53354887828_4.3003726757_1.3_RT0.2,/home/kenkim/librispeech_kaldi/LibriSpeech/train/wav/5361-27492-0050.wav
/data4/kenkim/RIRs_L553_smallset_val_te_ref/te2/s=4.53354887828_4.3003726757_1.3_RT0.2,/home/kenkim/librispeech_kaldi/LibriSpeech/train/wav/19-227-0055.wav
/data4/kenkim/RIRs_L553_smallset_val_te_ref/te2/s=4.50446680038_4.52573319202_1.3_RT0.2,/home/kenkim/librispeech_kaldi/LibriSpeech/train/wav/2882-147159-0106.wav
/data4/kenkim/RIRs_L553_smallset_val_te_ref/te2/s=4.50446680038_4.52573319202_1.3_RT0.2,/home/kenkim/librispeech_kaldi/LibriSpeech/train/wav/5245-3984-0008.wav
/data4/kenkim/RIRs_L553_smallset_val_te_ref/te2/s=4.50446680038_4.52573319202_1.3_RT0.2,/home/kenkim/librispeech_kaldi/LibriSpeech/train/wav/7556-93308-0013.wav
/data4/kenkim/RIRs_L553_smallset_val_te_ref/te2/s=4.50446680038_4.52573319202_1.3_RT0.2,/home/kenkim/librispeech_kaldi/LibriSpeech/train/wav/5361-27492-0050.wav
/data4/kenkim/RIRs_L553_smallset_val_te_ref/te2/s=4.50446680038_4.52573319202_1.3_RT0.2,/home/kenkim/librispeech_kaldi/LibriSpeech/train/wav/19-227-0055.wav
/data4/kenkim/RIRs_L553_smallset_val_te_ref/te2/s=4.51198515152_4.34810288063_1.3_RT0.2,/home/kenkim/librispeech_kaldi/LibriSpeech/train/wav/2882-147159-0106.wav
/data4/kenkim/RIRs_L553_smallset_val_te_ref/te2/s=4.51198515152_4.34810288063_1.3_RT0.2,/home/kenkim/librispeech_kaldi/LibriSpeech/train/wav/5245-3984-0008.wav
/data4/kenkim/RIRs_L553_smallset_val_te_ref/te2/s=4.51198515152_4.34810288063_1.3_RT0.2,/home/kenkim/librispeech_kaldi/LibriSpeech/train/wav/7556-93308-0013.wav
/data4/kenkim/RIRs_L553_smallset_val_te_ref/te2/s=4.51198515152_4.34810288063_1.3_RT0.2,/home/kenkim/librispeech_kaldi/LibriSpeech/train/wav/5361-27492-0050.wav
/data4/kenkim/RIRs_L553_smallset_val_te_ref/te2/s=4.51198515152_4.34810288063_1.3_RT0.2,/home/kenkim/librispeech_kaldi/LibriSpeech/train/wav/19-227-0055.wav
/data4/kenkim/RIRs_L553_smallset_val_te_ref/te2/s=4.39288824946_4.56110054926_1.3_RT0.2,/home/kenkim/librispeech_kaldi/LibriSpeech/train/wav/2882-147159-0106.wav
/data4/kenkim/RIRs_L553_smallset_val_te_ref/te2/s=4.39288824946_4.56110054926_1.3_RT0.2,/home/kenkim/librispeech_kaldi/LibriSpeech/train/wav/5245-3984-0008.wav
/data4/kenkim/RIRs_L553_smallset_val_te_ref/te2/s=4.39288824946_4.56110054926_1.3_RT0.2,/home/kenkim/librispeech_kaldi/LibriSpeech/train/wav/7556-93308-0013.wav
/data4/kenkim/RIRs_L553_smallset_val_te_ref/te2/s=4.39288824946_4.56110054926_1.3_RT0.2,/home/kenkim/librispeech_kaldi/LibriSpeech/train/wav/5361-27492-0050.wav
/data4/kenkim/RIRs_L553_smallset_val_te_ref/te2/s=4.39288824946_4.56110054926_1.3_RT0.2,/home/kenkim/librispeech_kaldi/LibriSpeech/train/wav/19-227-0055.wav
/data4/kenkim/RIRs_L553_smallset_val_te_ref/te2/s=4.54394562002_4.52160751351_1.3_RT0.2,/home/kenkim/librispeech_kaldi/LibriSpeech/train/wav/2882-147159-0106.wav
/data4/kenkim/RIRs_L553_smallset_val_te_ref/te2/s=4.54394562002_4.52160751351_1.3_RT0.2,/home/kenkim/librispeech_kaldi/LibriSpeech/train/wav/5245-3984-0008.wav
/data4/kenkim/RIRs_L553_smallset_val_te_ref/te2/s=4.54394562002_4.52160751351_1.3_RT0.2,/home/kenkim/librispeech_kaldi/LibriSpeech/train/wav/7556-93308-0013.wav
/data4/kenkim/RIRs_L553_smallset_val_te_ref/te2/s=4.54394562002_4.52160751351_1.3_RT0.2,/home/kenkim/librispeech_kaldi/LibriSpeech/train/wav/5361-27492-0050.wav
/data4/kenkim/RIRs_L553_smallset_val_te_ref/te2/s=4.54394562002_4.52160751351_1.3_RT0.2,/home/kenkim/librispeech_kaldi/LibriSpeech/train/wav/19-227-0055.wav
/data4/kenkim/RIRs_L553_smallset_val_te_ref/te2/s=4.50343129289_4.59881220332_1.3_RT0.2,/home/kenkim/librispeech_kaldi/LibriSpeech/train/wav/2882-147159-0106.wav
/data4/kenkim/RIRs_L553_smallset_val_te_ref/te2/s=4.50343129289_4.59881220332_1.3_RT0.2,/home/kenkim/librispeech_kaldi/LibriSpeech/train/wav/5245-3984-0008.wav
/data4/kenkim/RIRs_L553_smallset_val_te_ref/te2/s=4.50343129289_4.59881220332_1.3_RT0.2,/home/kenkim/librispeech_kaldi/LibriSpeech/train/wav/7556-93308-0013.wav
/data4/kenkim/RIRs_L553_smallset_val_te_ref/te2/s=4.50343129289_4.59881220332_1.3_RT0.2,/home/kenkim/librispeech_kaldi/LibriSpeech/train/wav/5361-27492-0050.wav
/data4/kenkim/RIRs_L553_smallset_val_te_ref/te2/s=4.50343129289_4.59881220332_1.3_RT0.2,/home/kenkim/librispeech_kaldi/LibriSpeech/train/wav/19-227-0055.wav
/data4/kenkim/RIRs_L553_smallset_val_te_ref/te2/s=4.55661835214_4.32133813868_1.3_RT0.2,/home/kenkim/librispeech_kaldi/LibriSpeech/train/wav/2882-147159-0106.wav
/data4/kenkim/RIRs_L553_smallset_val_te_ref/te2/s=4.55661835214_4.32133813868_1.3_RT0.2,/home/kenkim/librispeech_kaldi/LibriSpeech/train/wav/5245-3984-0008.wav
/data4/kenkim/RIRs_L553_smallset_val_te_ref/te2/s=4.55661835214_4.32133813868_1.3_RT0.2,/home/kenkim/librispeech_kaldi/LibriSpeech/train/wav/7556-93308-0013.wav
/data4/kenkim/RIRs_L553_smallset_val_te_ref/te2/s=4.55661835214_4.32133813868_1.3_RT0.2,/home/kenkim/librispeech_kaldi/LibriSpeech/train/wav/5361-27492-0050.wav
/data4/kenkim/RIRs_L553_smallset_val_te_ref/te2/s=4.55661835214_4.32133813868_1.3_RT0.2,/home/kenkim/librispeech_kaldi/LibriSpeech/train/wav/19-227-0055.wav
/data4/kenkim/RIRs_L553_smallset_val_te_ref/te2/s=4.56591261365_4.52133934327_1.3_RT0.2,/home/kenkim/librispeech_kaldi/LibriSpeech/train/wav/2882-147159-0106.wav
/data4/kenkim/RIRs_L553_smallset_val_te_ref/te2/s=4.56591261365_4.52133934327_1.3_RT0.2,/home/kenkim/librispeech_kaldi/LibriSpeech/train/wav/5245-3984-0008.wav
/data4/kenkim/RIRs_L553_smallset_val_te_ref/te2/s=4.56591261365_4.52133934327_1.3_RT0.2,/home/kenkim/librispeech_kaldi/LibriSpeech/train/wav/7556-93308-0013.wav
/data4/kenkim/RIRs_L553_smallset_val_te_ref/te2/s=4.56591261365_4.52133934327_1.3_RT0.2,/home/kenkim/librispeech_kaldi/LibriSpeech/train/wav/5361-27492-0050.wav
/data4/kenkim/RIRs_L553_smallset_val_te_ref/te2/s=4.56591261365_4.52133934327_1.3_RT0.2,/home/kenkim/librispeech_kaldi/LibriSpeech/train/wav/19-227-0055.wav
/data4/kenkim/RIRs_L553_smallset_val_te_ref/te2/s=4.57749633606_4.53194135254_1.3_RT0.2,/home/kenkim/librispeech_kaldi/LibriSpeech/train/wav/2882-147159-0106.wav
/data4/kenkim/RIRs_L553_smallset_val_te_ref/te2/s=4.57749633606_4.53194135254_1.3_RT0.2,/home/kenkim/librispeech_kaldi/LibriSpeech/train/wav/5245-3984-0008.wav
/data4/kenkim/RIRs_L553_smallset_val_te_ref/te2/s=4.57749633606_4.53194135254_1.3_RT0.2,/home/kenkim/librispeech_kaldi/LibriSpeech/train/wav/7556-93308-0013.wav
/data4/kenkim/RIRs_L553_smallset_val_te_ref/te2/s=4.57749633606_4.53194135254_1.3_RT0.2,/home/kenkim/librispeech_kaldi/LibriSpeech/train/wav/5361-27492-0050.wav
/data4/kenkim/RIRs_L553_smallset_val_te_ref/te2/s=4.57749633606_4.53194135254_1.3_RT0.2,/home/kenkim/librispeech_kaldi/LibriSpeech/train/wav/19-227-0055.wav
/data4/kenkim/RIRs_L553_smallset_val_te_ref/te2/s=4.32893566503_4.52936360919_1.3_RT0.2,/home/kenkim/librispeech_kaldi/LibriSpeech/train/wav/2882-147159-0106.wav
/data4/kenkim/RIRs_L553_smallset_val_te_ref/te2/s=4.32893566503_4.52936360919_1.3_RT0.2,/home/kenkim/librispeech_kaldi/LibriSpeech/train/wav/5245-3984-0008.wav
/data4/kenkim/RIRs_L553_smallset_val_te_ref/te2/s=4.32893566503_4.52936360919_1.3_RT0.2,/home/kenkim/librispeech_kaldi/LibriSpeech/train/wav/7556-93308-0013.wav
/data4/kenkim/RIRs_L553_smallset_val_te_ref/te2/s=4.32893566503_4.52936360919_1.3_RT0.2,/home/kenkim/librispeech_kaldi/LibriSpeech/train/wav/5361-27492-0050.wav
/data4/kenkim/RIRs_L553_smallset_val_te_ref/te2/s=4.32893566503_4.52936360919_1.3_RT0.2,/home/kenkim/librispeech_kaldi/LibriSpeech/train/wav/19-227-0055.wav
/data4/kenkim/RIRs_L553_smallset_val_te_ref/te2/s=4.5113351339_4.372239649_1.3_RT0.2,/home/kenkim/librispeech_kaldi/LibriSpeech/train/wav/2882-147159-0106.wav
/data4/kenkim/RIRs_L553_smallset_val_te_ref/te2/s=4.5113351339_4.372239649_1.3_RT0.2,/home/kenkim/librispeech_kaldi/LibriSpeech/train/wav/5245-3984-0008.wav
/data4/kenkim/RIRs_L553_smallset_val_te_ref/te2/s=4.5113351339_4.372239649_1.3_RT0.2,/home/kenkim/librispeech_kaldi/LibriSpeech/train/wav/7556-93308-0013.wav
/data4/kenkim/RIRs_L553_smallset_val_te_ref/te2/s=4.5113351339_4.372239649_1.3_RT0.2,/home/kenkim/librispeech_kaldi/LibriSpeech/train/wav/5361-27492-0050.wav
/data4/kenkim/RIRs_L553_smallset_val_te_ref/te2/s=4.5113351339_4.372239649_1.3_RT0.2,/home/kenkim/librispeech_kaldi/LibriSpeech/train/wav/19-227-0055.wav
/data4/kenkim/RIRs_L553_smallset_val_te_ref/te2/s=4.32674859164_4.37988031982_1.3_RT0.2,/home/kenkim/librispeech_kaldi/LibriSpeech/train/wav/2882-147159-0106.wav
/data4/kenkim/RIRs_L553_smallset_val_te_ref/te2/s=4.32674859164_4.37988031982_1.3_RT0.2,/home/kenkim/librispeech_kaldi/LibriSpeech/train/wav/5245-3984-0008.wav
/data4/kenkim/RIRs_L553_smallset_val_te_ref/te2/s=4.32674859164_4.37988031982_1.3_RT0.2,/home/kenkim/librispeech_kaldi/LibriSpeech/train/wav/7556-93308-0013.wav
/data4/kenkim/RIRs_L553_smallset_val_te_ref/te2/s=4.32674859164_4.37988031982_1.3_RT0.2,/home/kenkim/librispeech_kaldi/LibriSpeech/train/wav/5361-27492-0050.wav
/data4/kenkim/RIRs_L553_smallset_val_te_ref/te2/s=4.32674859164_4.37988031982_1.3_RT0.2,/home/kenkim/librispeech_kaldi/LibriSpeech/train/wav/19-227-0055.wav
/data4/kenkim/RIRs_L553_smallset_val_te_ref/te2/s=4.34275918843_4.38779607054_1.3_RT0.2,/home/kenkim/librispeech_kaldi/LibriSpeech/train/wav/2882-147159-0106.wav
/data4/kenkim/RIRs_L553_smallset_val_te_ref/te2/s=4.34275918843_4.38779607054_1.3_RT0.2,/home/kenkim/librispeech_kaldi/LibriSpeech/train/wav/5245-3984-0008.wav
/data4/kenkim/RIRs_L553_smallset_val_te_ref/te2/s=4.34275918843_4.38779607054_1.3_RT0.2,/home/kenkim/librispeech_kaldi/LibriSpeech/train/wav/7556-93308-0013.wav
/data4/kenkim/RIRs_L553_smallset_val_te_ref/te2/s=4.34275918843_4.38779607054_1.3_RT0.2,/home/kenkim/librispeech_kaldi/LibriSpeech/train/wav/5361-27492-0050.wav
/data4/kenkim/RIRs_L553_smallset_val_te_ref/te2/s=4.34275918843_4.38779607054_1.3_RT0.2,/home/kenkim/librispeech_kaldi/LibriSpeech/train/wav/19-227-0055.wav
/data4/kenkim/RIRs_L553_smallset_val_te_ref/te2/s=4.32688191196_4.55782828683_1.3_RT0.2,/home/kenkim/librispeech_kaldi/LibriSpeech/train/wav/2882-147159-0106.wav
/data4/kenkim/RIRs_L553_smallset_val_te_ref/te2/s=4.32688191196_4.55782828683_1.3_RT0.2,/home/kenkim/librispeech_kaldi/LibriSpeech/train/wav/5245-3984-0008.wav
/data4/kenkim/RIRs_L553_smallset_val_te_ref/te2/s=4.32688191196_4.55782828683_1.3_RT0.2,/home/kenkim/librispeech_kaldi/LibriSpeech/train/wav/7556-93308-0013.wav
/data4/kenkim/RIRs_L553_smallset_val_te_ref/te2/s=4.32688191196_4.55782828683_1.3_RT0.2,/home/kenkim/librispeech_kaldi/LibriSpeech/train/wav/5361-27492-0050.wav
/data4/kenkim/RIRs_L553_smallset_val_te_ref/te2/s=4.32688191196_4.55782828683_1.3_RT0.2,/home/kenkim/librispeech_kaldi/LibriSpeech/train/wav/19-227-0055.wav
/data4/kenkim/RIRs_L553_smallset_val_te_ref/te2/s=4.56325664173_4.30562921806_1.3_RT0.2,/home/kenkim/librispeech_kaldi/LibriSpeech/train/wav/2882-147159-0106.wav
/data4/kenkim/RIRs_L553_smallset_val_te_ref/te2/s=4.56325664173_4.30562921806_1.3_RT0.2,/home/kenkim/librispeech_kaldi/LibriSpeech/train/wav/5245-3984-0008.wav
/data4/kenkim/RIRs_L553_smallset_val_te_ref/te2/s=4.56325664173_4.30562921806_1.3_RT0.2,/home/kenkim/librispeech_kaldi/LibriSpeech/train/wav/7556-93308-0013.wav
/data4/kenkim/RIRs_L553_smallset_val_te_ref/te2/s=4.56325664173_4.30562921806_1.3_RT0.2,/home/kenkim/librispeech_kaldi/LibriSpeech/train/wav/5361-27492-0050.wav
/data4/kenkim/RIRs_L553_smallset_val_te_ref/te2/s=4.56325664173_4.30562921806_1.3_RT0.2,/home/kenkim/librispeech_kaldi/LibriSpeech/train/wav/19-227-0055.wav
/data4/kenkim/RIRs_L553_smallset_val_te_ref/te2/s=4.39600685578_4.36573589443_1.3_RT0.2,/home/kenkim/librispeech_kaldi/LibriSpeech/train/wav/2882-147159-0106.wav
/data4/kenkim/RIRs_L553_smallset_val_te_ref/te2/s=4.39600685578_4.36573589443_1.3_RT0.2,/home/kenkim/librispeech_kaldi/LibriSpeech/train/wav/5245-3984-0008.wav
/data4/kenkim/RIRs_L553_smallset_val_te_ref/te2/s=4.39600685578_4.36573589443_1.3_RT0.2,/home/kenkim/librispeech_kaldi/LibriSpeech/train/wav/7556-93308-0013.wav
/data4/kenkim/RIRs_L553_smallset_val_te_ref/te2/s=4.39600685578_4.36573589443_1.3_RT0.2,/home/kenkim/librispeech_kaldi/LibriSpeech/train/wav/5361-27492-0050.wav
/data4/kenkim/RIRs_L553_smallset_val_te_ref/te2/s=4.39600685578_4.36573589443_1.3_RT0.2,/home/kenkim/librispeech_kaldi/LibriSpeech/train/wav/19-227-0055.wav
/data4/kenkim/RIRs_L553_smallset_val_te_ref/te2/s=4.5920676172_4.59197115269_1.3_RT0.2,/home/kenkim/librispeech_kaldi/LibriSpeech/train/wav/2882-147159-0106.wav
/data4/kenkim/RIRs_L553_smallset_val_te_ref/te2/s=4.5920676172_4.59197115269_1.3_RT0.2,/home/kenkim/librispeech_kaldi/LibriSpeech/train/wav/5245-3984-0008.wav
/data4/kenkim/RIRs_L553_smallset_val_te_ref/te2/s=4.5920676172_4.59197115269_1.3_RT0.2,/home/kenkim/librispeech_kaldi/LibriSpeech/train/wav/7556-93308-0013.wav
/data4/kenkim/RIRs_L553_smallset_val_te_ref/te2/s=4.5920676172_4.59197115269_1.3_RT0.2,/home/kenkim/librispeech_kaldi/LibriSpeech/train/wav/5361-27492-0050.wav
/data4/kenkim/RIRs_L553_smallset_val_te_ref/te2/s=4.5920676172_4.59197115269_1.3_RT0.2,/home/kenkim/librispeech_kaldi/LibriSpeech/train/wav/19-227-0055.wav
/data4/kenkim/RIRs_L553_smallset_val_te_ref/te2/s=4.31985644193_4.53531333156_1.3_RT0.2,/home/kenkim/librispeech_kaldi/LibriSpeech/train/wav/2882-147159-0106.wav
/data4/kenkim/RIRs_L553_smallset_val_te_ref/te2/s=4.31985644193_4.53531333156_1.3_RT0.2,/home/kenkim/librispeech_kaldi/LibriSpeech/train/wav/5245-3984-0008.wav
/data4/kenkim/RIRs_L553_smallset_val_te_ref/te2/s=4.31985644193_4.53531333156_1.3_RT0.2,/home/kenkim/librispeech_kaldi/LibriSpeech/train/wav/7556-93308-0013.wav
/data4/kenkim/RIRs_L553_smallset_val_te_ref/te2/s=4.31985644193_4.53531333156_1.3_RT0.2,/home/kenkim/librispeech_kaldi/LibriSpeech/train/wav/5361-27492-0050.wav
/data4/kenkim/RIRs_L553_smallset_val_te_ref/te2/s=4.31985644193_4.53531333156_1.3_RT0.2,/home/kenkim/librispeech_kaldi/LibriSpeech/train/wav/19-227-0055.wav
/data4/kenkim/RIRs_L553_smallset_val_te_ref/te2/s=4.56968776077_4.54649400983_1.3_RT0.2,/home/kenkim/librispeech_kaldi/LibriSpeech/train/wav/2882-147159-0106.wav
/data4/kenkim/RIRs_L553_smallset_val_te_ref/te2/s=4.56968776077_4.54649400983_1.3_RT0.2,/home/kenkim/librispeech_kaldi/LibriSpeech/train/wav/5245-3984-0008.wav
/data4/kenkim/RIRs_L553_smallset_val_te_ref/te2/s=4.56968776077_4.54649400983_1.3_RT0.2,/home/kenkim/librispeech_kaldi/LibriSpeech/train/wav/7556-93308-0013.wav
/data4/kenkim/RIRs_L553_smallset_val_te_ref/te2/s=4.56968776077_4.54649400983_1.3_RT0.2,/home/kenkim/librispeech_kaldi/LibriSpeech/train/wav/5361-27492-0050.wav
/data4/kenkim/RIRs_L553_smallset_val_te_ref/te2/s=4.56968776077_4.54649400983_1.3_RT0.2,/home/kenkim/librispeech_kaldi/LibriSpeech/train/wav/19-227-0055.wav
/data4/kenkim/RIRs_L553_smallset_val_te_ref/te2/s=4.33097417159_4.31590551679_1.3_RT0.2,/home/kenkim/librispeech_kaldi/LibriSpeech/train/wav/2882-147159-0106.wav
/data4/kenkim/RIRs_L553_smallset_val_te_ref/te2/s=4.33097417159_4.31590551679_1.3_RT0.2,/home/kenkim/librispeech_kaldi/LibriSpeech/train/wav/5245-3984-0008.wav
/data4/kenkim/RIRs_L553_smallset_val_te_ref/te2/s=4.33097417159_4.31590551679_1.3_RT0.2,/home/kenkim/librispeech_kaldi/LibriSpeech/train/wav/7556-93308-0013.wav
/data4/kenkim/RIRs_L553_smallset_val_te_ref/te2/s=4.33097417159_4.31590551679_1.3_RT0.2,/home/kenkim/librispeech_kaldi/LibriSpeech/train/wav/5361-27492-0050.wav
/data4/kenkim/RIRs_L553_smallset_val_te_ref/te2/s=4.33097417159_4.31590551679_1.3_RT0.2,/home/kenkim/librispeech_kaldi/LibriSpeech/train/wav/19-227-0055.wav
/data4/kenkim/RIRs_L553_smallset_val_te_ref/te2/s=4.33924064943_4.53955461594_1.3_RT0.2,/home/kenkim/librispeech_kaldi/LibriSpeech/train/wav/2882-147159-0106.wav
/data4/kenkim/RIRs_L553_smallset_val_te_ref/te2/s=4.33924064943_4.53955461594_1.3_RT0.2,/home/kenkim/librispeech_kaldi/LibriSpeech/train/wav/5245-3984-0008.wav
/data4/kenkim/RIRs_L553_smallset_val_te_ref/te2/s=4.33924064943_4.53955461594_1.3_RT0.2,/home/kenkim/librispeech_kaldi/LibriSpeech/train/wav/7556-93308-0013.wav
/data4/kenkim/RIRs_L553_smallset_val_te_ref/te2/s=4.33924064943_4.53955461594_1.3_RT0.2,/home/kenkim/librispeech_kaldi/LibriSpeech/train/wav/5361-27492-0050.wav
/data4/kenkim/RIRs_L553_smallset_val_te_ref/te2/s=4.33924064943_4.53955461594_1.3_RT0.2,/home/kenkim/librispeech_kaldi/LibriSpeech/train/wav/19-227-0055.wav
/data4/kenkim/RIRs_L553_smallset_val_te_ref/te2/s=4.58706518364_4.55878120677_1.3_RT0.2,/home/kenkim/librispeech_kaldi/LibriSpeech/train/wav/2882-147159-0106.wav
/data4/kenkim/RIRs_L553_smallset_val_te_ref/te2/s=4.58706518364_4.55878120677_1.3_RT0.2,/home/kenkim/librispeech_kaldi/LibriSpeech/train/wav/5245-3984-0008.wav
/data4/kenkim/RIRs_L553_smallset_val_te_ref/te2/s=4.58706518364_4.55878120677_1.3_RT0.2,/home/kenkim/librispeech_kaldi/LibriSpeech/train/wav/7556-93308-0013.wav
/data4/kenkim/RIRs_L553_smallset_val_te_ref/te2/s=4.58706518364_4.55878120677_1.3_RT0.2,/home/kenkim/librispeech_kaldi/LibriSpeech/train/wav/5361-27492-0050.wav
/data4/kenkim/RIRs_L553_smallset_val_te_ref/te2/s=4.58706518364_4.55878120677_1.3_RT0.2,/home/kenkim/librispeech_kaldi/LibriSpeech/train/wav/19-227-0055.wav
/data4/kenkim/RIRs_L553_smallset_val_te_ref/te2/s=4.55105706188_4.37765610371_1.3_RT0.2,/home/kenkim/librispeech_kaldi/LibriSpeech/train/wav/2882-147159-0106.wav
/data4/kenkim/RIRs_L553_smallset_val_te_ref/te2/s=4.55105706188_4.37765610371_1.3_RT0.2,/home/kenkim/librispeech_kaldi/LibriSpeech/train/wav/5245-3984-0008.wav
/data4/kenkim/RIRs_L553_smallset_val_te_ref/te2/s=4.55105706188_4.37765610371_1.3_RT0.2,/home/kenkim/librispeech_kaldi/LibriSpeech/train/wav/7556-93308-0013.wav
/data4/kenkim/RIRs_L553_smallset_val_te_ref/te2/s=4.55105706188_4.37765610371_1.3_RT0.2,/home/kenkim/librispeech_kaldi/LibriSpeech/train/wav/5361-27492-0050.wav
/data4/kenkim/RIRs_L553_smallset_val_te_ref/te2/s=4.55105706188_4.37765610371_1.3_RT0.2,/home/kenkim/librispeech_kaldi/LibriSpeech/train/wav/19-227-0055.wav
/data4/kenkim/RIRs_L553_smallset_val_te_ref/te2/s=4.30440458021_4.59806551607_1.3_RT0.2,/home/kenkim/librispeech_kaldi/LibriSpeech/train/wav/2882-147159-0106.wav
/data4/kenkim/RIRs_L553_smallset_val_te_ref/te2/s=4.30440458021_4.59806551607_1.3_RT0.2,/home/kenkim/librispeech_kaldi/LibriSpeech/train/wav/5245-3984-0008.wav
/data4/kenkim/RIRs_L553_smallset_val_te_ref/te2/s=4.30440458021_4.59806551607_1.3_RT0.2,/home/kenkim/librispeech_kaldi/LibriSpeech/train/wav/7556-93308-0013.wav
/data4/kenkim/RIRs_L553_smallset_val_te_ref/te2/s=4.30440458021_4.59806551607_1.3_RT0.2,/home/kenkim/librispeech_kaldi/LibriSpeech/train/wav/5361-27492-0050.wav
/data4/kenkim/RIRs_L553_smallset_val_te_ref/te2/s=4.30440458021_4.59806551607_1.3_RT0.2,/home/kenkim/librispeech_kaldi/LibriSpeech/train/wav/19-227-0055.wav
/data4/kenkim/RIRs_L553_smallset_val_te_ref/te2/s=4.39345606285_4.36883759888_1.3_RT0.2,/home/kenkim/librispeech_kaldi/LibriSpeech/train/wav/2882-147159-0106.wav
/data4/kenkim/RIRs_L553_smallset_val_te_ref/te2/s=4.39345606285_4.36883759888_1.3_RT0.2,/home/kenkim/librispeech_kaldi/LibriSpeech/train/wav/5245-3984-0008.wav
/data4/kenkim/RIRs_L553_smallset_val_te_ref/te2/s=4.39345606285_4.36883759888_1.3_RT0.2,/home/kenkim/librispeech_kaldi/LibriSpeech/train/wav/7556-93308-0013.wav
/data4/kenkim/RIRs_L553_smallset_val_te_ref/te2/s=4.39345606285_4.36883759888_1.3_RT0.2,/home/kenkim/librispeech_kaldi/LibriSpeech/train/wav/5361-27492-0050.wav
/data4/kenkim/RIRs_L553_smallset_val_te_ref/te2/s=4.39345606285_4.36883759888_1.3_RT0.2,/home/kenkim/librispeech_kaldi/LibriSpeech/train/wav/19-227-0055.wav
/data4/kenkim/RIRs_L553_smallset_val_te_ref/te2/s=4.50480139522_4.528588457_1.3_RT0.2,/home/kenkim/librispeech_kaldi/LibriSpeech/train/wav/2882-147159-0106.wav
/data4/kenkim/RIRs_L553_smallset_val_te_ref/te2/s=4.50480139522_4.528588457_1.3_RT0.2,/home/kenkim/librispeech_kaldi/LibriSpeech/train/wav/5245-3984-0008.wav
/data4/kenkim/RIRs_L553_smallset_val_te_ref/te2/s=4.50480139522_4.528588457_1.3_RT0.2,/home/kenkim/librispeech_kaldi/LibriSpeech/train/wav/7556-93308-0013.wav
/data4/kenkim/RIRs_L553_smallset_val_te_ref/te2/s=4.50480139522_4.528588457_1.3_RT0.2,/home/kenkim/librispeech_kaldi/LibriSpeech/train/wav/5361-27492-0050.wav
/data4/kenkim/RIRs_L553_smallset_val_te_ref/te2/s=4.50480139522_4.528588457_1.3_RT0.2,/home/kenkim/librispeech_kaldi/LibriSpeech/train/wav/19-227-0055.wav
/data4/kenkim/RIRs_L553_smallset_val_te_ref/te2/s=4.35065882089_4.33723720501_1.3_RT0.2,/home/kenkim/librispeech_kaldi/LibriSpeech/train/wav/2882-147159-0106.wav
/data4/kenkim/RIRs_L553_smallset_val_te_ref/te2/s=4.35065882089_4.33723720501_1.3_RT0.2,/home/kenkim/librispeech_kaldi/LibriSpeech/train/wav/5245-3984-0008.wav
/data4/kenkim/RIRs_L553_smallset_val_te_ref/te2/s=4.35065882089_4.33723720501_1.3_RT0.2,/home/kenkim/librispeech_kaldi/LibriSpeech/train/wav/7556-93308-0013.wav
/data4/kenkim/RIRs_L553_smallset_val_te_ref/te2/s=4.35065882089_4.33723720501_1.3_RT0.2,/home/kenkim/librispeech_kaldi/LibriSpeech/train/wav/5361-27492-0050.wav
/data4/kenkim/RIRs_L553_smallset_val_te_ref/te2/s=4.35065882089_4.33723720501_1.3_RT0.2,/home/kenkim/librispeech_kaldi/LibriSpeech/train/wav/19-227-0055.wav
/data4/kenkim/RIRs_L553_smallset_val_te_ref/te2/s=4.36062393217_4.54323510449_1.3_RT0.2,/home/kenkim/librispeech_kaldi/LibriSpeech/train/wav/2882-147159-0106.wav
/data4/kenkim/RIRs_L553_smallset_val_te_ref/te2/s=4.36062393217_4.54323510449_1.3_RT0.2,/home/kenkim/librispeech_kaldi/LibriSpeech/train/wav/5245-3984-0008.wav
/data4/kenkim/RIRs_L553_smallset_val_te_ref/te2/s=4.36062393217_4.54323510449_1.3_RT0.2,/home/kenkim/librispeech_kaldi/LibriSpeech/train/wav/7556-93308-0013.wav
/data4/kenkim/RIRs_L553_smallset_val_te_ref/te2/s=4.36062393217_4.54323510449_1.3_RT0.2,/home/kenkim/librispeech_kaldi/LibriSpeech/train/wav/5361-27492-0050.wav
/data4/kenkim/RIRs_L553_smallset_val_te_ref/te2/s=4.36062393217_4.54323510449_1.3_RT0.2,/home/kenkim/librispeech_kaldi/LibriSpeech/train/wav/19-227-0055.wav
/data4/kenkim/RIRs_L553_smallset_val_te_ref/te2/s=4.36318770129_4.31777519282_1.3_RT0.2,/home/kenkim/librispeech_kaldi/LibriSpeech/train/wav/2882-147159-0106.wav
/data4/kenkim/RIRs_L553_smallset_val_te_ref/te2/s=4.36318770129_4.31777519282_1.3_RT0.2,/home/kenkim/librispeech_kaldi/LibriSpeech/train/wav/5245-3984-0008.wav
/data4/kenkim/RIRs_L553_smallset_val_te_ref/te2/s=4.36318770129_4.31777519282_1.3_RT0.2,/home/kenkim/librispeech_kaldi/LibriSpeech/train/wav/7556-93308-0013.wav
/data4/kenkim/RIRs_L553_smallset_val_te_ref/te2/s=4.36318770129_4.31777519282_1.3_RT0.2,/home/kenkim/librispeech_kaldi/LibriSpeech/train/wav/5361-27492-0050.wav
/data4/kenkim/RIRs_L553_smallset_val_te_ref/te2/s=4.36318770129_4.31777519282_1.3_RT0.2,/home/kenkim/librispeech_kaldi/LibriSpeech/train/wav/19-227-0055.wav
/data4/kenkim/RIRs_L553_smallset_val_te_ref/te2/s=4.59807819704_4.32831647415_1.3_RT0.2,/home/kenkim/librispeech_kaldi/LibriSpeech/train/wav/2882-147159-0106.wav
/data4/kenkim/RIRs_L553_smallset_val_te_ref/te2/s=4.59807819704_4.32831647415_1.3_RT0.2,/home/kenkim/librispeech_kaldi/LibriSpeech/train/wav/5245-3984-0008.wav
/data4/kenkim/RIRs_L553_smallset_val_te_ref/te2/s=4.59807819704_4.32831647415_1.3_RT0.2,/home/kenkim/librispeech_kaldi/LibriSpeech/train/wav/7556-93308-0013.wav
/data4/kenkim/RIRs_L553_smallset_val_te_ref/te2/s=4.59807819704_4.32831647415_1.3_RT0.2,/home/kenkim/librispeech_kaldi/LibriSpeech/train/wav/5361-27492-0050.wav
/data4/kenkim/RIRs_L553_smallset_val_te_ref/te2/s=4.59807819704_4.32831647415_1.3_RT0.2,/home/kenkim/librispeech_kaldi/LibriSpeech/train/wav/19-227-0055.wav
/data4/kenkim/RIRs_L553_smallset_val_te_ref/te2/s=4.52190838724_4.5029296613_1.3_RT0.2,/home/kenkim/librispeech_kaldi/LibriSpeech/train/wav/2882-147159-0106.wav
/data4/kenkim/RIRs_L553_smallset_val_te_ref/te2/s=4.52190838724_4.5029296613_1.3_RT0.2,/home/kenkim/librispeech_kaldi/LibriSpeech/train/wav/5245-3984-0008.wav
/data4/kenkim/RIRs_L553_smallset_val_te_ref/te2/s=4.52190838724_4.5029296613_1.3_RT0.2,/home/kenkim/librispeech_kaldi/LibriSpeech/train/wav/7556-93308-0013.wav
/data4/kenkim/RIRs_L553_smallset_val_te_ref/te2/s=4.52190838724_4.5029296613_1.3_RT0.2,/home/kenkim/librispeech_kaldi/LibriSpeech/train/wav/5361-27492-0050.wav
/data4/kenkim/RIRs_L553_smallset_val_te_ref/te2/s=4.52190838724_4.5029296613_1.3_RT0.2,/home/kenkim/librispeech_kaldi/LibriSpeech/train/wav/19-227-0055.wav
/data4/kenkim/RIRs_L553_smallset_val_te_ref/te2/s=4.55629857272_4.51363719991_1.3_RT0.2,/home/kenkim/librispeech_kaldi/LibriSpeech/train/wav/2882-147159-0106.wav
/data4/kenkim/RIRs_L553_smallset_val_te_ref/te2/s=4.55629857272_4.51363719991_1.3_RT0.2,/home/kenkim/librispeech_kaldi/LibriSpeech/train/wav/5245-3984-0008.wav
/data4/kenkim/RIRs_L553_smallset_val_te_ref/te2/s=4.55629857272_4.51363719991_1.3_RT0.2,/home/kenkim/librispeech_kaldi/LibriSpeech/train/wav/7556-93308-0013.wav
/data4/kenkim/RIRs_L553_smallset_val_te_ref/te2/s=4.55629857272_4.51363719991_1.3_RT0.2,/home/kenkim/librispeech_kaldi/LibriSpeech/train/wav/5361-27492-0050.wav
/data4/kenkim/RIRs_L553_smallset_val_te_ref/te2/s=4.55629857272_4.51363719991_1.3_RT0.2,/home/kenkim/librispeech_kaldi/LibriSpeech/train/wav/19-227-0055.wav
/data4/kenkim/RIRs_L553_smallset_val_te_ref/te2/s=4.53648787782_4.37588322641_1.3_RT0.2,/home/kenkim/librispeech_kaldi/LibriSpeech/train/wav/2882-147159-0106.wav
/data4/kenkim/RIRs_L553_smallset_val_te_ref/te2/s=4.53648787782_4.37588322641_1.3_RT0.2,/home/kenkim/librispeech_kaldi/LibriSpeech/train/wav/5245-3984-0008.wav
/data4/kenkim/RIRs_L553_smallset_val_te_ref/te2/s=4.53648787782_4.37588322641_1.3_RT0.2,/home/kenkim/librispeech_kaldi/LibriSpeech/train/wav/7556-93308-0013.wav
/data4/kenkim/RIRs_L553_smallset_val_te_ref/te2/s=4.53648787782_4.37588322641_1.3_RT0.2,/home/kenkim/librispeech_kaldi/LibriSpeech/train/wav/5361-27492-0050.wav
/data4/kenkim/RIRs_L553_smallset_val_te_ref/te2/s=4.53648787782_4.37588322641_1.3_RT0.2,/home/kenkim/librispeech_kaldi/LibriSpeech/train/wav/19-227-0055.wav
/data4/kenkim/RIRs_L553_smallset_val_te_ref/te2/s=4.51720084649_4.34910636933_1.3_RT0.2,/home/kenkim/librispeech_kaldi/LibriSpeech/train/wav/2882-147159-0106.wav
/data4/kenkim/RIRs_L553_smallset_val_te_ref/te2/s=4.51720084649_4.34910636933_1.3_RT0.2,/home/kenkim/librispeech_kaldi/LibriSpeech/train/wav/5245-3984-0008.wav
/data4/kenkim/RIRs_L553_smallset_val_te_ref/te2/s=4.51720084649_4.34910636933_1.3_RT0.2,/home/kenkim/librispeech_kaldi/LibriSpeech/train/wav/7556-93308-0013.wav
/data4/kenkim/RIRs_L553_smallset_val_te_ref/te2/s=4.51720084649_4.34910636933_1.3_RT0.2,/home/kenkim/librispeech_kaldi/LibriSpeech/train/wav/5361-27492-0050.wav
/data4/kenkim/RIRs_L553_smallset_val_te_ref/te2/s=4.51720084649_4.34910636933_1.3_RT0.2,/home/kenkim/librispeech_kaldi/LibriSpeech/train/wav/19-227-0055.wav
/data4/kenkim/RIRs_L553_smallset_val_te_ref/te2/s=4.5111443206_4.57039746572_1.3_RT0.2,/home/kenkim/librispeech_kaldi/LibriSpeech/train/wav/2882-147159-0106.wav
/data4/kenkim/RIRs_L553_smallset_val_te_ref/te2/s=4.5111443206_4.57039746572_1.3_RT0.2,/home/kenkim/librispeech_kaldi/LibriSpeech/train/wav/5245-3984-0008.wav
/data4/kenkim/RIRs_L553_smallset_val_te_ref/te2/s=4.5111443206_4.57039746572_1.3_RT0.2,/home/kenkim/librispeech_kaldi/LibriSpeech/train/wav/7556-93308-0013.wav
/data4/kenkim/RIRs_L553_smallset_val_te_ref/te2/s=4.5111443206_4.57039746572_1.3_RT0.2,/home/kenkim/librispeech_kaldi/LibriSpeech/train/wav/5361-27492-0050.wav
/data4/kenkim/RIRs_L553_smallset_val_te_ref/te2/s=4.5111443206_4.57039746572_1.3_RT0.2,/home/kenkim/librispeech_kaldi/LibriSpeech/train/wav/19-227-0055.wav
/data4/kenkim/RIRs_L553_smallset_val_te_ref/te2/s=4.33086247439_4.51004576939_1.3_RT0.2,/home/kenkim/librispeech_kaldi/LibriSpeech/train/wav/2882-147159-0106.wav
/data4/kenkim/RIRs_L553_smallset_val_te_ref/te2/s=4.33086247439_4.51004576939_1.3_RT0.2,/home/kenkim/librispeech_kaldi/LibriSpeech/train/wav/5245-3984-0008.wav
/data4/kenkim/RIRs_L553_smallset_val_te_ref/te2/s=4.33086247439_4.51004576939_1.3_RT0.2,/home/kenkim/librispeech_kaldi/LibriSpeech/train/wav/7556-93308-0013.wav
/data4/kenkim/RIRs_L553_smallset_val_te_ref/te2/s=4.33086247439_4.51004576939_1.3_RT0.2,/home/kenkim/librispeech_kaldi/LibriSpeech/train/wav/5361-27492-0050.wav
/data4/kenkim/RIRs_L553_smallset_val_te_ref/te2/s=4.33086247439_4.51004576939_1.3_RT0.2,/home/kenkim/librispeech_kaldi/LibriSpeech/train/wav/19-227-0055.wav
/data4/kenkim/RIRs_L553_smallset_val_te_ref/te2/s=4.36740583537_4.58362235285_1.3_RT0.2,/home/kenkim/librispeech_kaldi/LibriSpeech/train/wav/2882-147159-0106.wav
/data4/kenkim/RIRs_L553_smallset_val_te_ref/te2/s=4.36740583537_4.58362235285_1.3_RT0.2,/home/kenkim/librispeech_kaldi/LibriSpeech/train/wav/5245-3984-0008.wav
/data4/kenkim/RIRs_L553_smallset_val_te_ref/te2/s=4.36740583537_4.58362235285_1.3_RT0.2,/home/kenkim/librispeech_kaldi/LibriSpeech/train/wav/7556-93308-0013.wav
/data4/kenkim/RIRs_L553_smallset_val_te_ref/te2/s=4.36740583537_4.58362235285_1.3_RT0.2,/home/kenkim/librispeech_kaldi/LibriSpeech/train/wav/5361-27492-0050.wav
/data4/kenkim/RIRs_L553_smallset_val_te_ref/te2/s=4.36740583537_4.58362235285_1.3_RT0.2,/home/kenkim/librispeech_kaldi/LibriSpeech/train/wav/19-227-0055.wav
/data4/kenkim/RIRs_L553_smallset_val_te_ref/te2/s=4.36523204518_4.57191031837_1.3_RT0.2,/home/kenkim/librispeech_kaldi/LibriSpeech/train/wav/2882-147159-0106.wav
/data4/kenkim/RIRs_L553_smallset_val_te_ref/te2/s=4.36523204518_4.57191031837_1.3_RT0.2,/home/kenkim/librispeech_kaldi/LibriSpeech/train/wav/5245-3984-0008.wav
/data4/kenkim/RIRs_L553_smallset_val_te_ref/te2/s=4.36523204518_4.57191031837_1.3_RT0.2,/home/kenkim/librispeech_kaldi/LibriSpeech/train/wav/7556-93308-0013.wav
/data4/kenkim/RIRs_L553_smallset_val_te_ref/te2/s=4.36523204518_4.57191031837_1.3_RT0.2,/home/kenkim/librispeech_kaldi/LibriSpeech/train/wav/5361-27492-0050.wav
/data4/kenkim/RIRs_L553_smallset_val_te_ref/te2/s=4.36523204518_4.57191031837_1.3_RT0.2,/home/kenkim/librispeech_kaldi/LibriSpeech/train/wav/19-227-0055.wav
